Company,Website,Company Linkedin Url
Abacus Service Corporation,http://www.abacusservice.com,http://www.linkedin.com/company/abacus-service-corp
"Abile Group, Inc.",http://www.abilegroup.com,http://www.linkedin.com/company/abile-group-inc-
Academic Analytics,http://www.academicanalytics.com,http://www.linkedin.com/company/academic-analytics
Accenture,http://www.accenture.com,http://www.linkedin.com/company/accenture
Mars,http://www.accessmars.withgoogle.com,
Acetech Group Corporation,http://www.acetech.group,http://www.linkedin.com/company/acetech-group-corporation
Acrisure,http://www.acrisure.com,http://www.linkedin.com/company/acrisure
ACV Auctions,http://www.acvauctions.com,http://www.linkedin.com/company/acv-auctions
Aeyon,http://www.aeyons.com,http://www.linkedin.com/company/aeyons
Ageatia Global Solutions,http://www.ageatia.com,http://www.linkedin.com/company/ageatia-global-solutions
Ailevon Pacific Aviation Consulting,http://www.ailevonpacific.com,http://www.linkedin.com/company/ailevon-llc
AlixPartners,http://www.alixpartners.com,http://www.linkedin.com/company/alixpartners
Allstate,http://www.allstate.com,http://www.linkedin.com/company/allstate
"Allyon, Inc.",http://www.allyon.com,http://www.linkedin.com/company/allyon-inc
Alphanumeric Systems,http://www.alphanumeric.com,http://www.linkedin.com/company/alphanumeric-systems
Altruista Health,http://www.altruistahealth.com,http://www.linkedin.com/company/altruista-health
"American Botanicals, LLC",http://www.americanbotanicals.com,http://www.linkedin.com/company/american-botanicals
American Target Co,http://www.americantargetcompany.com,http://www.linkedin.com/company/american-target-co
AmeriCorps,http://www.americorps.gov,http://www.linkedin.com/company/corporation-for-national-and-community-service
Ampcus Inc,http://www.ampcus.com,http://www.linkedin.com/company/ampcus-inc
Amtex Systems Inc.,http://www.amtexsystems.com,http://www.linkedin.com/company/amtex-systems-inc
"Amyx, Inc.",http://www.amyx.com,http://www.linkedin.com/company/amyx-inc-
ANALYGENCE,http://www.analygence.com,http://www.linkedin.com/company/analygence
Analytic Solutions Group,http://www.analyticsolutionsgroup.net,http://www.linkedin.com/company/analytic-solutions-group
"Applied Network Solutions, Inc.",http://www.ansfederal.com,
"Anthem, Inc.",http://www.antheminc.com,http://www.linkedin.com/company/antheminc
Apex Systems,http://www.apexsystems.com,http://www.linkedin.com/company/apex-systems
"Apogee Integration, LLC",http://www.apogeeintegration.com,http://www.linkedin.com/company/apogee-integration-llc
Apolis,http://www.apolisglobal.com,http://www.linkedin.com/company/apolisrises
"ARK Solutions, Inc.",http://www.arksolutionsinc.com,http://www.linkedin.com/company/arksolutionsinc
Armedia,http://www.armedia.com,http://www.linkedin.com/company/armedia
Ask Locala,http://www.askalocalapp.com,http://www.linkedin.com/company/ask-a-local
Assertive Professionals,http://www.assertiveprofessionals.com,http://www.linkedin.com/company/assertive-professionals
"Asta CRS, Inc.",http://www.astacrs.com,http://www.linkedin.com/company/asta-crs-inc.
Aura,http://www.aurahealth.io,http://www.linkedin.com/company/aura-health-technologies
Avant,http://www.avant.com,http://www.linkedin.com/company/avant-us
Avantus Federal,http://www.avantus.com,http://www.linkedin.com/company/avantus
Axelon Services Corporation,http://www.axelon.com,http://www.linkedin.com/company/axelon-services-corp.
BAE Systems,http://www.baesystems.com,http://www.linkedin.com/company/bae-systems
Bainbridge,http://www.bainbridgecompanies.com,http://www.linkedin.com/company/the-bainbridge-companies
Baker Tilly US,http://www.bakertilly.com,http://www.linkedin.com/company/bakertillyus
Baldwin Risk Partners,http://www.baldwinriskpartners.com,http://www.linkedin.com/company/baldwin-risk-partners
Bamboo Health,http://www.bamboohealth.com,http://www.linkedin.com/company/bamboo-hlth
BHG Financial,http://www.bankershealthcaregroup.com,http://www.linkedin.com/company/bankers-healthcare-group-inc-
Bank of America,http://www.bankofamerica.com,http://www.linkedin.com/company/bank-of-america
"Barrow Wise Consulting, LLC",http://www.barrowwise.com,http://www.linkedin.com/company/barrow-wise-consulting-llc
Barry-Wehmiller,http://www.barrywehmiller.com,http://www.linkedin.com/company/barry-wehmiller
Base-2 Solutions,http://www.base-2solutions.com,http://www.linkedin.com/company/base-2solutions
Bechtel Corporation,http://www.bechtel.com,http://www.linkedin.com/company/bechtel-corporation
Bering Straits Native Corporation (BSNC),http://www.beringstraits.com,http://www.linkedin.com/company/bering-straits-native-corporation
Billtrust,http://www.billtrust.com,http://www.linkedin.com/company/billtrust
Binance.US,http://www.binance.us,http://www.linkedin.com/company/binance-us
Bird,http://www.bird.co,http://www.linkedin.com/company/birdapp
Bitly,http://www.bitly.com,http://www.linkedin.com/company/bitly
"BJ's Restaurants, Inc.",http://www.bjsrestaurants.com,http://www.linkedin.com/company/bj's-restaurants-inc-
Blackbaud,http://www.blackbaud.com,http://www.linkedin.com/company/blackbaud
"Blackfin Real Estate Investors, LLC",http://www.blackfinrei.com,http://www.linkedin.com/company/blackfin-real-estate-partners-llc
Builders FirstSource,http://www.bldr.com,http://www.linkedin.com/company/builders-firstsource
Bloomberg Industry Group,http://www.bloombergindustry.com,http://www.linkedin.com/company/bloomberg-industry-group
"Bluehawk LLC, Intelligence Services",http://www.bluehawk.us,http://www.linkedin.com/company/bluehawk-intelligence-services
"Bluehawk, LLC",http://www.bluehawk.us,http://www.linkedin.com/company/bluehawk-intelligence-services
BMNT,http://www.bmnt.com,http://www.linkedin.com/company/bmnt
BOLD,http://www.bold.com,http://www.linkedin.com/company/boldlimited
Booz Allen Hamilton,http://www.boozallen.com,http://www.linkedin.com/company/booz-allen-hamilton
BRMi,http://www.brmi.com,http://www.linkedin.com/company/brmi
Brooksource,http://www.brooksource.com,http://www.linkedin.com/company/brooksource
Buyers Edge Platform,http://www.buyersedgeplatform.com,http://www.linkedin.com/company/buyers-edge-platform
CACI International Inc,http://www.caci.com,http://www.linkedin.com/company/caci-international-inc
Calhoun International,http://www.calhouninternational.com,http://www.linkedin.com/company/calhoun-international
Calm,http://www.calm.com,http://www.linkedin.com/company/calm-com
Cardinal Health,http://www.cardinalhealth.com,http://www.linkedin.com/company/cardinal-health
CareFirst BlueCross BlueShield,http://www.carefirst.com,http://www.linkedin.com/company/carefirst-bluecross-blueshield
CARFAX,http://www.carfax.com,http://www.linkedin.com/company/carfax
Carilion Clinic,http://www.carilionclinic.org,http://www.linkedin.com/company/carilion-clinic
"Cassaday & Company, Inc.",http://www.cassaday.com,http://www.linkedin.com/company/cassaday-&-company-inc.
CBRE,http://www.cbre.com,http://www.linkedin.com/company/cbre
CBRE Investment Management,http://www.cbreim.com,http://www.linkedin.com/company/cbreim
CDW,http://www.cdw.com,http://www.linkedin.com/company/cdw
Celerity,http://www.celerity.com,http://www.linkedin.com/company/celerity_it
"The Center for Organizational Excellence, Inc.",http://www.center4oe.com,http://www.linkedin.com/company/the-center-for-organizational-excellence
"CGH Technologies, Inc.",http://www.cghtech.com,http://www.linkedin.com/company/cgh-technologies
CGI,http://www.cgi.com,http://www.linkedin.com/company/cgi
Chenega Corporation,http://www.chenega.com,http://www.linkedin.com/company/chenega-corporation
Chenega MIOS SBU,http://www.chenegamios.com,http://www.linkedin.com/company/chenega-mios
Clinical Health Network For Transformation (CHN),http://www.chnnyc.org,http://www.linkedin.com/company/communityhealthcarenetwork
Cigna,http://www.cigna.com,http://www.linkedin.com/company/cigna
"Creative Information Technology, Inc.",http://www.citi-us.com,http://www.linkedin.com/company/creative-information-techology-inc
Classy.org,http://www.classy.org,http://www.linkedin.com/company/stayclassy
ClearanceJobs,http://www.clearancejobs.com,http://www.linkedin.com/company/clearancejobs.com
Cloudflare,http://www.cloudflare.com,http://www.linkedin.com/company/cloudflare
CMA CGM,http://www.cma-cgm.com,http://www.linkedin.com/company/cma-cgm
CNA Corporation,http://www.cna.org,http://www.linkedin.com/company/cnacorporation
CNO Financial Group,http://www.cnoinc.com,http://www.linkedin.com/company/cno-financial-group
Cognitio Corp,http://www.cognitiocorp.com,http://www.linkedin.com/company/cognitio-corp
The College Board,http://www.collegeboard.org,http://www.linkedin.com/company/the-college-board
Colony Tire Corporation,http://www.colonytire.com,http://www.linkedin.com/company/colony-tire-corporation
Compass,http://www.compass.com,http://www.linkedin.com/company/compassinc
Computershare,http://www.computershare.com,http://www.linkedin.com/company/computershare
Constant Contact,http://www.constantcontact.com,http://www.linkedin.com/company/constant-contact
Core4ce,http://www.core4ce.com,http://www.linkedin.com/company/core4ce-llc
CoStar Group,http://www.costargroup.com,http://www.linkedin.com/company/costar-group
Cotiviti,http://www.cotiviti.com,http://www.linkedin.com/company/cotiviti
Crescens Inc.,http://www.crescensinc.com,http://www.linkedin.com/company/crescens-inc-
Criterion Systems,http://www.criterion-sys.com,http://www.linkedin.com/company/criterion-systems
Cross River,http://www.crossriver.com,http://www.linkedin.com/company/cross-river-bank
Crown Audio,http://www.crownaudio.com,http://www.linkedin.com/company/crown-international
Client Solution Architects,http://www.csaassociates.com,http://www.linkedin.com/company/capstone-corporation
CUDDLY,http://www.cuddly.com,http://www.linkedin.com/company/cuddly
Curology,http://www.curology.com,http://www.linkedin.com/company/curology
Cushman & Wakefield,http://www.cushmanwakefield.com,http://www.linkedin.com/company/cushman-&-wakefield
Custom Ink,http://www.customink.com,http://www.linkedin.com/company/custom-ink
DarkStar Intelligence,http://www.darkstarintel.com,http://www.linkedin.com/company/darkstar-intelligence-llc
Dark Wolf Solutions,http://www.darkwolfsolutions.com,http://www.linkedin.com/company/darkwolfsolutions
Devoted Health,http://www.devoted.com,http://www.linkedin.com/company/devoted-health
Dice,http://www.dice.com,http://www.linkedin.com/company/dice
Directly,http://www.directly.com,http://www.linkedin.com/company/directly
"Digital Intelligence Systems, LLC",http://www.disys.com,http://www.linkedin.com/company/disys
"DIVERSANT, LLC",http://www.diversant.com,http://www.linkedin.com/company/diversant-llc
Diverse Lynx,http://www.diverselynx.com,http://www.linkedin.com/company/diverselynx
"Integral Consulting Services, Inc.",http://www.e2zintegral.com,http://www.linkedin.com/company/integralconsultingservicesinc
EagleBank,http://www.eaglebankcorp.com,http://www.linkedin.com/company/eaglebank
"Estes Forwarding Worldwide, LLC (EFW)",http://www.efwnow.com,http://www.linkedin.com/company/estes-forwarding-worldwide
ektello,http://www.ektello.com,http://www.linkedin.com/company/ektello
Elevar,http://www.elevar.com,http://www.linkedin.com/company/elevardesigngroup
Emburse,http://www.emburse.com,http://www.linkedin.com/company/emburse
Emergent Holdings,http://www.emergentholdingsinc.com,http://www.linkedin.com/company/emergent-holdings
Emergere Technologies LLC.,http://www.emergertech.com,http://www.linkedin.com/company/emergere-technologies
Emmes,http://www.emmes.com,http://www.linkedin.com/company/emmes
"ENS Solutions, LLC",http://www.ens-inc.com,http://www.linkedin.com/company/enterprise-networking-solutions-inc
Envista Holdings Corporation,http://www.envistaco.com,http://www.linkedin.com/company/envista-co
Equitable,http://www.equitable.com,http://www.linkedin.com/company/equitable-financial
EquityBee,http://www.equitybee.com,http://www.linkedin.com/company/equitybee
Escalent,http://www.escalent.co,http://www.linkedin.com/company/thinkescalent
eSolutionsFirst,http://www.esolutionsfirst.com,http://www.linkedin.com/company/esolutionsfirst
eTeam,http://www.eteaminc.com,http://www.linkedin.com/company/eteam
Evidera,http://www.evidera.com,http://www.linkedin.com/company/evidera
Evolent Health,http://www.evolenthealth.com,http://www.linkedin.com/company/evolent-health
Evolve,http://www.evolve.com,http://www.linkedin.com/company/evolve-vacation-rental
Exact Sciences,http://www.exactsciences.com,http://www.linkedin.com/company/exact-sciences
ExecOnline,http://www.execonline.com,http://www.linkedin.com/company/execonline
"Exeter Government Services, LLC",http://www.exetergov.com,http://www.linkedin.com/company/exeter-government-services-llc
eXp Realty,http://www.exprealty.com,http://www.linkedin.com/company/exp-realty
EY,http://www.ey.com,http://www.linkedin.com/company/ernstandyoung
Figure Eight Federal,http://www.f8federal.com,http://www.linkedin.com/company/figure-eight-federal
"Farmer's Business Network, Inc.",http://www.fbn.com,http://www.linkedin.com/company/farmers-business-network
Fintech,http://www.fintech.com,http://www.linkedin.com/company/fintech-net
Florida Blue,http://www.floridablue.com,http://www.linkedin.com/company/florida-blue
Fluor Corporation,http://www.fluor.com,http://www.linkedin.com/company/fluor
FLYR Labs (We're Hiring),http://www.flyrlabs.com,http://www.linkedin.com/company/flyrinc
F&M Bank (Farmers & Merchants Bank),http://www.fmbnc.com,http://www.linkedin.com/company/f-m-bank-of-nc
"Focused Cyber, LLC",http://www.focusedcyber.net,http://www.linkedin.com/company/focused-cyber-llc
Food City / KVAT Foods Inc.,http://www.foodcity.com,http://www.linkedin.com/company/kvat-foods-inc.
Foot Locker,http://www.footlocker.com,http://www.linkedin.com/company/footlocker
Freddie Mac,http://www.freddiemac.com,http://www.linkedin.com/company/freddie-mac
FTD,http://www.ftd.com,http://www.linkedin.com/company/florists-transworld-delivery
Galileo Financial Technologies,http://www.galileo-ft.com,http://www.linkedin.com/company/galileo-financial-technologies
Gannett | USA TODAY NETWORK,http://www.gannett.com,http://www.linkedin.com/company/gannett
Garden of Life,http://www.gardenoflife.com,http://www.linkedin.com/company/garden-of-life
Gartner,http://www.gartner.com,http://www.linkedin.com/company/gartner
Gatix E Solutions,http://www.gatixes.com,http://www.linkedin.com/company/gatix-e-solutions
General Dynamics Information Technology,http://www.gdit.com,http://www.linkedin.com/company/gdit
"Georgia IT, Inc.",http://www.georgiainfotech.com,
NTT Ltd.,http://www.global.ntt,http://www.linkedin.com/company/global-ntt
"Global Dimensions, LLC",http://www.globaldllc.com,http://www.linkedin.com/company/global-dimensions-llc
Global Pharma Tek,http://www.globalpharmatek.com,http://www.linkedin.com/company/global-pharma-tek
Google,http://www.google.com,http://www.linkedin.com/company/google
GoTo,http://www.goto.com,http://www.linkedin.com/company/gotomeeting
"GovSmart, Inc.",http://www.govsmart.com,http://www.linkedin.com/company/govsmart-inc-
Georgia-Pacific LLC,http://www.gp.com,http://www.linkedin.com/company/georgia-pacific-llc
Grant Thornton LLP (US),http://www.grantthornton.com,http://www.linkedin.com/company/grant-thornton-llp
Greenway Health,http://www.greenwayhealth.com,http://www.linkedin.com/company/greenway-health
Greystone,http://www.greystonepower.com,http://www.linkedin.com/company/greystone-power-corporation
GridPoint,http://www.gridpoint.com,http://www.linkedin.com/company/gridpoint
Groove,http://www.groovehq.com,http://www.linkedin.com/company/groovehq
GSA,http://www.gsa.gov,http://www.linkedin.com/company/gsa
GuideWell,http://www.guidewell.com,http://www.linkedin.com/company/guidewell
H1,http://www.h1.co,http://www.linkedin.com/company/h1co
Halvik,http://www.halvik.com,http://www.linkedin.com/company/halvik
Hamdan Resources,http://www.hamdanresources.com,http://www.linkedin.com/company/hamdan-resources
Hanover Research,http://www.hanoverresearch.com,http://www.linkedin.com/company/hanover-research
HAN Staffing,http://www.hanstaffing.com,http://www.linkedin.com/company/han-it-staffing-inc-
Happify Health,http://www.happifyhealth.com,http://www.linkedin.com/company/happifyhealth
"Harbor Capital Advisors, Inc.",http://www.harborfunds.com,
HealthEquity,http://www.healthequity.com,http://www.linkedin.com/company/healthequity
Health IQ,http://www.healthiq.com,http://www.linkedin.com/company/healthiq
Health Management Associates,http://www.healthmanagement.com,http://www.linkedin.com/company/health-management-associates
HealthVerity,http://www.healthverity.com,http://www.linkedin.com/company/healthverity
Bestow,http://www.hellobestow.com,http://www.linkedin.com/company/bestowlife
Ezra Coaching,http://www.helloezra.com,http://www.linkedin.com/company/ezracoaching
Alion Science and Technology,http://www.hii.com,http://www.linkedin.com/company/huntingtoningalls
Oscar Health,http://www.hioscar.com,http://www.linkedin.com/company/oscar-health
"Hire IT People, Inc",http://www.hireitpeople.com,http://www.linkedin.com/company/hireitpeople
HMTX Industries,http://www.hmtx.global,http://www.linkedin.com/company/hmtx-industries
HouseCanary,http://www.housecanary.com,http://www.linkedin.com/company/housecanary-inc
Human Resources Research Organization (HumRRO),http://www.humrro.org,http://www.linkedin.com/company/humrro
Huntington National Bank,http://www.huntington.com,http://www.linkedin.com/company/huntington-national-bank
i-Pharm Consulting,http://www.i-pharmconsulting.com,http://www.linkedin.com/company/i-pharm-consulting
Kyndryl,http://www.ibm.com,http://www.linkedin.com/company/ibm
ICF Next,http://www.icf.com,http://www.linkedin.com/company/icf-international
ICONMA,http://www.iconma.com,http://www.linkedin.com/company/iconma
ID.me,http://www.id.me,http://www.linkedin.com/company/id.me
IMB (International Mission Board),http://www.imb.org,http://www.linkedin.com/company/international-mission-board
Infor,http://www.infor.com,http://www.linkedin.com/company/infor
Infostretch,http://www.infostretch.com,http://www.linkedin.com/company/infostretch
Infosys,http://www.infosys.com,http://www.linkedin.com/company/orange-bank
Inmar Intelligence,http://www.inmar.com,http://www.linkedin.com/company/inmarintelligence
Inova Health System,http://www.inova.org,http://www.linkedin.com/company/inova-health-system
Inovalon,http://www.inovalon.com,http://www.linkedin.com/company/inovalon
Insider Intelligence,http://www.insiderintelligence.com,
Integrity Management Consulting,http://www.integritymc.com,http://www.linkedin.com/company/integrity-management-consulting
IntelliPro,http://www.intelliprogroup.com,http://www.linkedin.com/company/intellipro
Invitae,http://www.invitae.com,http://www.linkedin.com/company/invitae
"Integrated Resources, Inc ( IRI )",http://www.irionline.com,http://www.linkedin.com/company/integrated-resources-inc
"iSenpai, LLC",http://www.isenpai.com,http://www.linkedin.com/company/the-isenpai
ITA International,http://www.ita-intl.com,http://www.linkedin.com/company/ita-international
"Computer Merchant, Ltd., The",http://www.itstaffing.com,http://www.linkedin.com/company/the-computer-merchant
IT Veterans,http://www.itveterans.com,http://www.linkedin.com/company/it-veterans-llc
JCS Solutions LLC,http://www.jcssolutions.com,http://www.linkedin.com/company/jcs-solutions-llc
Jubilant Radiopharma,http://www.jdiri.com,http://www.linkedin.com/company/jubilant-radiopharmacies
Jmac PR,http://www.jmacpr.com,http://www.linkedin.com/company/realjmacpr
JTEC Consulting LLC,http://www.jtec-consulting.com,http://www.linkedin.com/company/jtec-consulting-llc
The Judge Group,http://www.judge.com,http://www.linkedin.com/company/the-judge-group
Juul Labs,http://www.juullabs.com,http://www.linkedin.com/company/juul-labs
KACE Company,http://www.kacecompany.com,http://www.linkedin.com/company/kace-company
"KellyMitchell Group, Inc",http://www.kellymitchell.com,http://www.linkedin.com/company/kelly-mitchell-group-inc
Kerecis,http://www.kerecis.com,http://www.linkedin.com/company/kerecis
Kiavi,http://www.kiabi.com,http://www.linkedin.com/company/kiabi
Kin + Carta,http://www.kinandcarta.com,http://www.linkedin.com/company/kinandcarta
KOMMLINk GmbH,http://www.kommlink.de,http://www.linkedin.com/company/kommlink-gmbh
Lamps Plus,http://www.lampsplus.com,http://www.linkedin.com/company/lamps-plus
"LanceSoft, Inc.",http://www.lancesoft.com,http://www.linkedin.com/company/lancesoft
Latitude Inc,http://www.latitudeinc.net,http://www.linkedin.com/company/latitudeinc
LCMC Health,http://www.lcmchealth.org,http://www.linkedin.com/company/lcmchealth
Leidos,http://www.leidos.com,http://www.linkedin.com/company/leidos
Lennar,http://www.lennar.com,http://www.linkedin.com/company/lennar
LHH,http://www.lhh.com,http://www.linkedin.com/company/lee-hecht-harrison
Lidl US,http://www.lidl.it,http://www.linkedin.com/company/lidl-italia-srl
Limetree,http://www.limetree.com,
LinQuest,http://www.linquest.com,http://www.linkedin.com/company/linquest
LMI,http://www.lmi.org,http://www.linkedin.com/company/lmi
Lockheed Martin,http://www.lockheedmartinjobs.com,http://www.linkedin.com/company/lockheed-martin-referrals
Logically,http://www.logically.com,http://www.linkedin.com/company/joinlogically
Logical Paradigm,http://www.logicalparadigm.com,http://www.linkedin.com/company/logical-paradigm
"Lynch Consultants, LLC",http://www.lynchconsultants.com,http://www.linkedin.com/company/lynch-consultants-llc
MAG Aerospace,http://www.magaero.com,http://www.linkedin.com/company/magaerospace
Magellan Health,http://www.magellanhealth.com,http://www.linkedin.com/company/magellan-health
ManTech,http://www.mantech.com,http://www.linkedin.com/company/mantech
Marchon Eyewear,http://www.marchon.com,http://www.linkedin.com/company/marchon-eyewear
MarcoPolo Learning,http://www.marcopololearning.com,http://www.linkedin.com/company/marcopolo-learning
Marsh McLennan Agency,http://www.marshmma.com,http://www.linkedin.com/company/marsh-mclennan-agency
Mary Washington Healthcare,http://www.marywashingtonhealthcare.com,http://www.linkedin.com/company/mary-washington-healthcare
Matillion,http://www.matillion.com,http://www.linkedin.com/company/matillion-limited
Michael Baker International,http://www.mbakerintl.com,http://www.linkedin.com/company/michael-baker-corporation
MERGE,http://www.mergerecords.com,http://www.linkedin.com/company/merge-records-nc
MeridianLink,http://www.meridianlink.com,http://www.linkedin.com/company/meridianlink
Method Recruiting,http://www.methodrecruiting.com,http://www.linkedin.com/company/methodrecruiting
Mindteck,http://www.mindteck.com,http://www.linkedin.com/company/mindteck
MITRE,http://www.mitre.org,http://www.linkedin.com/company/mitre
Modis,http://www.modis.com,http://www.linkedin.com/company/modis
Molina Healthcare,http://www.molinahealthcare.com,http://www.linkedin.com/company/molina-healthcare
Mosaic North America,http://www.mosaic.com,http://www.linkedin.com/company/mosaic-sales-solutions
Motivate Lab,http://www.motivatelab.org,http://www.linkedin.com/company/motivate-lab
Mountaintop Studios,http://www.mountaintop.gg,http://www.linkedin.com/company/mountaintop
MyEyeDr.,http://www.myeyedr.com,http://www.linkedin.com/company/myeyedr-
NANA,http://www.nana.com,http://www.linkedin.com/company/nanaregional
Navy Federal Credit Union,http://www.navyfederal.org,http://www.linkedin.com/company/navy-federal-credit-union
"Naylor Association Solutions (Naylor, LLC)",http://www.naylor.com,http://www.linkedin.com/company/naylor-association-solutions
"National Capitol Contracting, LLC",http://www.nccsite.com,http://www.linkedin.com/company/national-capitol-contracting-llc
Ness Digital Engineering,http://www.ness.com,http://www.linkedin.com/company/ness-ses
Net2Source Inc.,http://www.net2source.com,http://www.linkedin.com/company/net2sourceinc
New Century Health,http://www.newcenturyhealth.com,http://www.linkedin.com/company/new-century-health
Newsela,http://www.newsela.com,http://www.linkedin.com/company/newsela
NFI,http://www.nfiindustries.com,http://www.linkedin.com/company/nfi
NMI,http://www.nmi.com,http://www.linkedin.com/company/nmipayments
Noblis,http://www.noblis.org,http://www.linkedin.com/company/noblis
Nordstrom,http://www.nordstrom.com,http://www.linkedin.com/company/nordstrom
"Norfolk, VA",http://www.norfolk.gov,http://www.linkedin.com/company/city-of-norfolk
Graham Holdings,http://www.notified.com,http://www.linkedin.com/company/notified
Novetta,http://www.novetta.com,http://www.linkedin.com/company/novetta
NP Digital,http://www.npdigital.com,http://www.linkedin.com/company/npdigital
NR Consulting,http://www.nrconsultingservice.com,http://www.linkedin.com/company/nrconsultingllc
NTT DATA Services,http://www.nttdata.com,http://www.linkedin.com/company/ntt-data-americas
NuSources,http://www.nusources.com,http://www.linkedin.com/company/nusources
Octane,http://www.octaneoc.org,http://www.linkedin.com/company/octane-oc
Olde Towne Pet Resort,http://www.oldetownepetresort.com,http://www.linkedin.com/company/otpets
Olo,http://www.olo.com,http://www.linkedin.com/company/olo
OneDigital,http://www.onedigital.com,http://www.linkedin.com/company/weareonedigital
OneStream Software,http://www.onestreamsoftware.com,http://www.linkedin.com/company/onestream-software
OrbiSky Systems,http://www.orbisky.com,http://www.linkedin.com/company/orbisky
PAE,http://www.pae.com,http://www.linkedin.com/company/pae
Paula's Choice Skincare,http://www.paulaschoice.com,http://www.linkedin.com/company/paulas-choice
PBG Consulting,http://www.pbgconsult.com,http://www.linkedin.com/company/pbg-consulting
Public Health Institute,http://www.phi.org,http://www.linkedin.com/company/public-health-institute
Phoenix Marketing International,http://www.phoenixmi.com,http://www.linkedin.com/company/phoenixmktg
Piper Companies,http://www.pipercompanies.com,http://www.linkedin.com/company/pipercompanies
Piper Sandler,http://www.pipersandler.com,http://www.linkedin.com/company/piper-jaffray
Plastiq,http://www.plastiq.com,http://www.linkedin.com/company/plastiq
Pluralsight,http://www.pluralsight.com,http://www.linkedin.com/company/pluralsight
"PM Technologies, Inc.",http://www.pmtechno.com,http://www.linkedin.com/company/pm-technologies
PointClickCare,http://www.pointclickcare.com,http://www.linkedin.com/company/pointclickcare
Precision Castparts,http://www.precast.com,http://www.linkedin.com/company/precision-castparts
Prescient Edge,http://www.prescientedge.com,http://www.linkedin.com/company/prescient-edge-corp
Professional Diversity Network,http://www.prodivnet.com,http://www.linkedin.com/company/prodivnet
Professional Stewards Services,http://www.profstewards.com,http://www.linkedin.com/company/professional-stewards-services
ProService Hawaii,http://www.proservice.com,http://www.linkedin.com/company/proservice-hawaii
ProTask Inc,http://www.protaskinc.com,http://www.linkedin.com/company/protask-inc
Purple Strategies,http://www.purplestrategies.com,http://www.linkedin.com/company/purple-strategies-llc
"Pyramid Consulting, Inc",http://www.pyramidci.com,http://www.linkedin.com/company/pyramid-consulting
QinetiQ,http://www.qinetiq.com,http://www.linkedin.com/company/qinetiq_2
"Quadrant, Inc.",http://www.quadrantinc.com,http://www.linkedin.com/company/quadrant-inc-
Quantum Management Services Ltd.,http://www.quantum.ca,http://www.linkedin.com/company/quantum-management-services-ltd
Quest Diagnostics,http://www.questdiagnostics.com,http://www.linkedin.com/company/quest-diagnostics
"Qventus, Inc",http://www.qventus.com,http://www.linkedin.com/company/qventus-inc
Rain the Growth Agency,http://www.rainforgrowth.com,http://www.linkedin.com/company/rainthegrowthagency
Rapport IT Services Inc,http://www.rapportit.com,http://www.linkedin.com/company/rapportit
Raven Industries,http://www.ravenind.com,http://www.linkedin.com/company/raven-industries
Raytheon Intelligence & Space,http://www.raytheonintelligenceandspace.com,http://www.linkedin.com/company/raytheonintelligenceandspace
Dataforce by Transperfect,http://www.recruitee.com,http://www.linkedin.com/company/recruitee
Redhorse Corporation,http://www.redhorsecorp.com,http://www.linkedin.com/company/redhorse-corporation
REI Systems,http://www.reisystems.com,http://www.linkedin.com/company/rei-systems
"Relevante, Inc.",http://www.relevante.com,http://www.linkedin.com/company/relevante
Remedy Intelligent Staffing,http://www.remedystaffing.com,http://www.linkedin.com/company/remedy-intelligent-staffing
Revel IT,http://www.revelit.com,http://www.linkedin.com/company/revel-it
RGBSI,http://www.rgbsi.com,http://www.linkedin.com/company/rgbsi
Ribbon,http://www.ribbons.com,http://www.linkedin.com/company/ribbons.com
Rigid Tactical,http://www.rigidtactical.com,http://www.linkedin.com/company/rigid-tactical
RingCentral,http://www.ringcentral.com,http://www.linkedin.com/company/ringcentral
"RIT Solutions, Inc.",http://www.ritsolinc.com,http://www.linkedin.com/company/rit-solutions-inc
Riverside Research,http://www.riversideresearch.org,http://www.linkedin.com/company/riverside-research
Robert Half,http://www.roberthalf.com,http://www.linkedin.com/company/robert-half-international
Robinhood,http://www.robinhood.com,http://www.linkedin.com/company/robinhood
Rose International,http://www.roseint.com,http://www.linkedin.com/company/rose-international
Ross & Baruzzini,http://www.rossbar.com,http://www.linkedin.com/company/ross-&-baruzzini-inc-
Raytheon Technologies,http://www.rtx.com,http://www.linkedin.com/company/retiredpage-raytheon
Strategic Analysis Incorporated,http://www.sainc.com,http://www.linkedin.com/company/strategic-analysis-incorporated
Samsara,http://www.samsara.com,http://www.linkedin.com/company/samsara
Sands Capital,http://www.sandscapital.com,http://www.linkedin.com/company/sands-capital-management
Savvas Learning Company,http://www.savvas.com,http://www.linkedin.com/company/savvaslearning
Sayres and Associates,http://www.sayresdefense.com,http://www.linkedin.com/company/sayres-and-associates-corp
SemanticBits,http://www.semanticbits.com,http://www.linkedin.com/company/semanticbits
Seneca Resources,http://www.senecahq.com,http://www.linkedin.com/company/seneca-resources-inc.
Serco,http://www.serco.com,http://www.linkedin.com/company/serco
Sherlock Biosciences,http://www.sherlock.bio,http://www.linkedin.com/company/sherlock-biosciences
Shipt,http://www.shipt.com,http://www.linkedin.com/company/shipt
Veho,http://www.shipveho.com,http://www.linkedin.com/company/shipveho
SHRM,http://www.shrm.org,http://www.linkedin.com/company/shrm
SitusAMC,http://www.situsamc.com,http://www.linkedin.com/company/situsamc
Skiltrek,http://www.skiltrek.com,http://www.linkedin.com/company/skiltrek
SmartBiz,http://www.smartbizloans.com,http://www.linkedin.com/company/smartbiz-loans
SMG - Service Management Group,http://www.smg.com,http://www.linkedin.com/company/service-management-group
SmileDirectClub,http://www.smiledirectclub.com,http://www.linkedin.com/company/smiledirectclub
Smithfield Foods,http://www.smithfieldfoods.com,http://www.linkedin.com/company/smithfield-foods
Soft Tech Consulting,http://www.softtechconsulting.com,http://www.linkedin.com/company/soft-tech-consulting
SoluStaff,http://www.solustaff.com,http://www.linkedin.com/company/solustaff
SOS International LLC,http://www.sosi.com,http://www.linkedin.com/company/sos-international-llc
Southwire Company,http://www.southwire.com,http://www.linkedin.com/company/southwire-company
Spectraforce Technologies,http://www.spectraforce.com,http://www.linkedin.com/company/spectraforce
Spectrum Healthcare Resources,http://www.spectrumhealth.com,http://www.linkedin.com/company/spectrum-healthcare-resources
Spring Health,http://www.springhealth.com,http://www.linkedin.com/company/spring-health
"Spruce InfoTech, Inc",http://www.spruceinfotech.com,http://www.linkedin.com/company/spruce-infotech-inc
Summit Ridge Energy,http://www.srenergy.com,http://www.linkedin.com/company/summitridgeenergy
Staffigo,http://www.staffigo.com,http://www.linkedin.com/company/staffigo
Stage 4 Solutions,http://www.stage4solutions.com,http://www.linkedin.com/company/stage-4-solutions
Standard Media Index,http://www.standardmediaindex.com,http://www.linkedin.com/company/standard-media-index
"Stride, Inc.",http://www.strideinc.com,http://www.linkedin.com/company/stride-inc.
Strategic Ventures Consulting Group,http://www.sv-cg.com,http://www.linkedin.com/company/strategic-ventures-consulting-group
symplr,http://www.symplr.com,http://www.linkedin.com/company/symplr
SynapOne,http://www.synapteinsolutions.com,http://www.linkedin.com/company/synaptein-solutions-incorporated
Syneos Health,http://www.syneoshealth.com,http://www.linkedin.com/company/syneos-health
"Takeoff Technologies, Inc.",http://www.takeoff.com,http://www.linkedin.com/company/takeoff-technologies
Talentify.io,http://www.talentify.io,http://www.linkedin.com/company/talentify-io
TALENT Software Services,http://www.talentstaffingservices.com,http://www.linkedin.com/company/talent-software-services
Targeted Victory,http://www.targetedvictory.com,http://www.linkedin.com/company/targeted-victory
The Tatitlek Corporation,http://www.tatitlek.com,http://www.linkedin.com/company/the-tatitlek-corporation
Tata Consultancy Services,http://www.tcs.com,http://www.linkedin.com/company/tata-consultancy-services
TDS Telecommunications LLC,http://www.tdstelecom.com,http://www.linkedin.com/company/tds-telecommunications-llc
"Technomics, Inc.",http://www.technomics.net,http://www.linkedin.com/company/technomics-inc-
TechTrueUp,http://www.techtrueup.com,http://www.linkedin.com/company/techtrueup
TechWish,http://www.techwish.com,http://www.linkedin.com/company/techwish
TekMasters,http://www.tekmasters.com,http://www.linkedin.com/company/tekmasters
TekSynap,http://www.teksynap.com,http://www.linkedin.com/company/teksynap
Teladoc Health,http://www.teladochealth.com,http://www.linkedin.com/company/teladoc-health
Telos Corporation,http://www.telos.com,http://www.linkedin.com/company/telos-corporation
Tenable,http://www.tenable.com,http://www.linkedin.com/company/tenableinc
The Athletic,http://www.theathletic.com,http://www.linkedin.com/company/the-athletic-media-company
"Tiber Creek Consulting, Inc.",http://www.tibercreek.com,http://www.linkedin.com/company/tiber-creek-consulting
"Titan Technologies, LLC",http://www.titantechnologies.com,http://www.linkedin.com/company/telaforce
Robbins Research International,http://www.tonyrobbins.com,http://www.linkedin.com/company/robbins-research-international
"Trepp, Inc.",http://www.trepp.com,http://www.linkedin.com/company/trepp
Tricentis,http://www.tricentis.com,http://www.linkedin.com/company/tricentis
Trident Consulting,http://www.tridentconsultinginc.com,http://www.linkedin.com/company/tridentconsulting
"T-Solutions, Inc.",http://www.tsoln-inc.com,http://www.linkedin.com/company/t-solutions-inc-
Tucows,http://www.tucows.com,http://www.linkedin.com/company/tucows
Twenty Bridge Staffing,http://www.twentybridge.com,http://www.linkedin.com/company/twenty-bridge-staffing
Twin Health,http://www.twinhealth.com,http://www.linkedin.com/company/twinforhealth
Ultimate Staffing,http://www.ultimatestaffing.com,http://www.linkedin.com/company/ultimate-staffing
Ultra Mobile,http://www.ultramobile.com,http://www.linkedin.com/company/ultra-mobile
Underknown,http://www.underknown.com,http://www.linkedin.com/company/underknown
United Site Services,http://www.unitedsiteservices.com,http://www.linkedin.com/company/united-site-services
United Way,http://www.unitedway.org,http://www.linkedin.com/company/united-way-worldwide
U.S. Bank,http://www.usbank.com,http://www.linkedin.com/company/us-bank
USfalcon,http://www.usfalcon.com,http://www.linkedin.com/company/usfalcon
USI Insurance Services,http://www.usi.com,http://www.linkedin.com/company/usi-insurance-services
UVA Health,http://www.uvahealth.com,http://www.linkedin.com/company/uva-health
The University of Virginia's College at Wise,http://www.uvawise.edu,http://www.linkedin.com/company/109548
Vaco,http://www.vaco.com,http://www.linkedin.com/company/vaco
Varen Technologies,http://www.varentech.com,http://www.linkedin.com/company/varen-technologies
"Varsity Tutors, a Nerdy Company",http://www.varsitytutors.com,http://www.linkedin.com/company/varsity-tutors
Vector Talent Resources,http://www.vectortalent.com,http://www.linkedin.com/company/vector-technical-resources
Verint,http://www.verint.com,http://www.linkedin.com/company/verint
Veritone,http://www.veritone.com,http://www.linkedin.com/company/veritone-inc-
Vetta,http://www.vettacapsule.com,http://www.linkedin.com/company/vettacapsule
Vida Health,http://www.vida.com,http://www.linkedin.com/company/vida-health
Vindex,http://www.vindex.gg,http://www.linkedin.com/company/vindex-holdings
University of Virginia,http://www.virginia.edu,http://www.linkedin.com/company/university-of-virginia
VLink Inc,http://www.vlinkinfo.com,http://www.linkedin.com/company/vlink-inc
Virginia Tech,http://www.vt.edu,http://www.linkedin.com/company/166811
Washington Gas,http://www.washingtongas.com,http://www.linkedin.com/company/washingtongas
WealthForge,http://www.wealthforge.com,http://www.linkedin.com/company/wealthforge
WebMD,http://www.webmd.com,http://www.linkedin.com/company/webmd
WEX,http://www.wexinc.com,http://www.linkedin.com/company/wexinc
World Fuel Services,http://www.wfscorp.com,http://www.linkedin.com/company/world-fuel-services
"WiSC Enterprises, LLC",http://www.wiscenterprises.com,http://www.linkedin.com/company/wiscenterprises
Warner Music Group,http://www.wmg.com,http://www.linkedin.com/company/warner-music-group
Woolpert,http://www.woolpert.com,http://www.linkedin.com/company/woolpert
WSP USA,http://www.wsp.com,http://www.linkedin.com/company/wsp
Wunderman Thompson Data,http://www.wundermanthompson.com,http://www.linkedin.com/company/wunderman-thompson-
WWC Global,http://www.wwcglobal.com,http://www.linkedin.com/company/wwc-global
Xator Corporation,http://www.xatorcorp.com,http://www.linkedin.com/company/xator-corporation
YipitData,http://www.yipitdata.com,http://www.linkedin.com/company/yipitllc
"Yoh, A Day & Zimmermann Company",http://www.yoh.com,http://www.linkedin.com/company/yoh-a-day-&-zimmermann-company
Zencastr,http://www.zencastr.com,http://www.linkedin.com/company/zencastr
Zillow,http://www.zillow.com,http://www.linkedin.com/company/zillow
