Company,Website,Company Linkedin Url
4 Corner Resources,http://www.4cornerresources.com,http://www.linkedin.com/company/4-corner-resources
Auto Club of Southern California,http://www.aaa.com,http://www.linkedin.com/company/aaa
accesso,http://www.accesso.com,http://www.linkedin.com/company/accesso
Accolades Consulting,http://www.accoladesit.org,http://www.linkedin.com/company/accolades-consulting-and-management
"Agile Global Solutions, Inc",http://www.agileglobalsolutions.com,http://www.linkedin.com/company/agile-global-solutions-inc
Agile,http://www.agilemanifesto.org,http://www.linkedin.com/company/agilpropaganda
Akraya Inc.,http://www.akraya.com,http://www.linkedin.com/company/akraya-inc
Aledade,http://www.aledade.com,http://www.linkedin.com/company/aledade-inc-
Allwyn Corporation,http://www.allwyncorp.com,http://www.linkedin.com/company/allwyncorp
AlphaPoint,http://www.alphapoint.com,http://www.linkedin.com/company/alpha-point
Alten,http://www.alten.fr,http://www.linkedin.com/company/alten
"Altinity, Inc.",http://www.altinity.com,http://www.linkedin.com/company/altinity
Alto Logica,http://www.altologica.com,http://www.linkedin.com/company/altologica
Amazech Solutions,http://www.amazech.com,http://www.linkedin.com/company/amazech-solutions
American Partners,http://www.apfcu.com,http://www.linkedin.com/company/american-partners-federal-credit-union
Applied Systems Canada,http://www.appliedsystems.com,http://www.linkedin.com/company/applied-systems
"Applied Systems, Inc.",http://www.appliedsystems.com,http://www.linkedin.com/company/applied-systems
Archer IT,http://www.archerits.com,http://www.linkedin.com/company/archer-it
"AREVO Group, Inc",http://www.arevopro.com,http://www.linkedin.com/company/arevopro
"Ascii Group, LLC",http://www.asciigroup.com,http://www.linkedin.com/company/ascii-group-llc
Astir IT Solutions,http://www.astirit.com,http://www.linkedin.com/company/astir-it
Atlas Professionals,http://www.atlasprofessionals.com,http://www.linkedin.com/company/atlasprofessionals
Avalara,http://www.avalara.com,http://www.linkedin.com/company/avalara
Avionté Staffing Software,http://www.avionte.com,http://www.linkedin.com/company/avionte-staffing-software
Axelon Services Corporation,http://www.axelon.com,http://www.linkedin.com/company/axelon-services-corp.
BayOne Solutions,http://www.bayone.com,http://www.linkedin.com/company/bayone-solutions
BigR.io,http://www.bigr.io,http://www.linkedin.com/company/bigrio
Billtrust Careers,http://www.billtrust.com,http://www.linkedin.com/company/billtrust
"Binding Minds, Inc.",http://www.binding-minds.com,http://www.linkedin.com/company/binding-minds-inc
Booster Fuels,http://www.boosterusa.com,http://www.linkedin.com/company/energydelivered
Blackstone Talent Group,http://www.bstonetalent.com,
C2S Technologies Inc,http://www.c2stechs.com,http://www.linkedin.com/company/c2stechs
Capital TechSearch,http://www.capitaltechsearch.com,http://www.linkedin.com/company/capital-techsearch
Cayuse Talent Solutions,http://www.cayusetalentsolutions.com,http://www.linkedin.com/company/cayuse-talent-solutions-llc
CDM Technology,http://www.cdmtechnology.com,http://www.linkedin.com/company/cdm-technology
CEDENT,http://www.cedentinc.com,http://www.linkedin.com/company/cedent-consulting-inc-
"CGI Group, Inc.",http://www.cgi.com,http://www.linkedin.com/company/cgi
Chargebee,http://www.chargebee.com,http://www.linkedin.com/company/chargebee
Chelsoft Solutions Co.,http://www.chelsoftusa.com,http://www.linkedin.com/company/chelsoftusa
Codesynch,http://www.codesync.global,http://www.linkedin.com/company/code-sync
Comcentric,http://www.comcentric.com,http://www.linkedin.com/company/comcentric
CompuGain LLC,http://www.compugain.com,http://www.linkedin.com/company/compugain
Concentrix,http://www.concentrix.com,http://www.linkedin.com/company/concentrix
Corcentric,http://www.corcentric.com,http://www.linkedin.com/company/corcentric
CorEvitas,http://www.corevitas.com,http://www.linkedin.com/company/corevitas
Cox Automotive,http://www.coxautoinc.com,http://www.linkedin.com/company/cox-automotive-inc-
CRB Workforce,http://www.crbworkforce.com,http://www.linkedin.com/company/crbworkforce
Cribl,http://www.cribl.io,http://www.linkedin.com/company/cribl
Cvent,http://www.cvent.com,http://www.linkedin.com/company/cvent
CyberSN,http://www.cybersn.com,http://www.linkedin.com/company/cybersn
Cyma Systems Inc,http://www.cymasys.com,http://www.linkedin.com/company/cyma-systems-inc
Cyrten,http://www.cyrten.com,http://www.linkedin.com/company/cyrten
"DATAMAXIS, Inc",http://www.datamaxis.net,http://www.linkedin.com/company/datamaxis
DataPattern,http://www.datapatternsindia.com,http://www.linkedin.com/company/data-patterns-india-ltd
Datasembly,http://www.datasembly.com,http://www.linkedin.com/company/datasembly
Dealer Inspire,http://www.dealerinspire.com,http://www.linkedin.com/company/dealer-inspire
"Delectus, Recruitment Process Outsourcing",http://www.delectusrpo.com,http://www.linkedin.com/company/delectusrpo
Deloitte,http://www.deloitte.com,http://www.linkedin.com/company/deloitte
Dextra Technologies a Deloitte Business,http://www.dextratech.com,http://www.linkedin.com/company/dextra-technologies
"Digipulse Technologies, Inc",http://www.digipulsetech.com,http://www.linkedin.com/company/digipulse-technologies-inc-
"Digital Intelligence Systems, LLC",http://www.disys.com,http://www.linkedin.com/company/disys
Diversified Solutions,http://www.div-sol.com,http://www.linkedin.com/company/diversified-solutions
Divisions Maintenance Group,http://www.divisionsmg.com,http://www.linkedin.com/company/divisions-maintenance-group
DocuSign,http://www.docusign.com,http://www.linkedin.com/company/docusign
DreamBox Learning,http://www.dreambox.com,http://www.linkedin.com/company/dreambox-learning
DSMH LLC,http://www.dsmhconsulting.com,http://www.linkedin.com/company/dsm-h-consulting
DVG Tech Solutions LLC,http://www.dvgts.com,http://www.linkedin.com/company/dvg-tech-solutions-llc
EATEAM Inc,http://www.eateam.com,http://www.linkedin.com/company/eateam-inc
EdgeLink,http://www.edgelink.com,http://www.linkedin.com/company/edgelink
Elan Partners,http://www.elanpartners.com,http://www.linkedin.com/company/elanpartners
Elation Health,http://www.elationhealth.com,http://www.linkedin.com/company/elationhealth
Empower Professionals,http://www.empowerprofessionals.com,http://www.linkedin.com/company/empower-professionals-inc
"Endure Technology Solutions, Inc.",http://www.endure.tech,http://www.linkedin.com/company/endure-technology-solutions
"Epiq Systems, Inc.",http://www.epiqglobal.com,http://www.linkedin.com/company/epiqglobal
Equifax,http://www.equifax.com,http://www.linkedin.com/company/equifax
Equity Shift,http://www.equityshift.io,
Estrobees Technology Inc,http://www.estrobees.com,http://www.linkedin.com/company/estrobees
"Everest Consultants, Inc",http://www.everestinc.com,http://www.linkedin.com/company/everest-consultants-inc-
Evernote,http://www.evernote.com,http://www.linkedin.com/company/evernote
EXL Service,http://www.exlservice.com,http://www.linkedin.com/company/exl-service
Expedited Talent,http://www.expeditedtalent.com,http://www.linkedin.com/company/expedited-talent
Experian,http://www.experian.com.sg,http://www.linkedin.com/company/experian-asia-pacific
Expleo,http://www.expleo.com,http://www.linkedin.com/company/expleo-group
Farmers Insurance Group,http://www.farmers.com,http://www.linkedin.com/company/farmers-insurance
FIIDUS,http://www.fiidus.com,http://www.linkedin.com/company/fiidus
FlexIT Global,http://www.flexitglobal.com,http://www.linkedin.com/company/flexit-global
FM Systems,http://www.fmsystems.com,http://www.linkedin.com/company/fmsystems
Fond,http://www.fond.co,http://www.linkedin.com/company/fondco
GCS Recruitment Specialists,http://www.gcsrecruitment.com,http://www.linkedin.com/company/gcs-recruitment-specialists
General Dynamics Information Technology,http://www.gdit.com,http://www.linkedin.com/company/gdit
Genuent,http://www.genuent.com,http://www.linkedin.com/company/genuent
Concero,http://www.getconcero.com,http://www.linkedin.com/company/get-concero
Global Payments,http://www.globalpayments.com,http://www.linkedin.com/company/global-payments
"Global Team Staffing, LLC",http://www.globalteamstaffing.com,http://www.linkedin.com/company/global-team-staffing-llc
Glocal RPO,http://www.glocalrpo.com,http://www.linkedin.com/company/glocalrpo
GoDaddy,http://www.godaddy.com,http://www.linkedin.com/company/godaddy
GrabTalent Advisors,http://www.grabtalentadvisors.com,http://www.linkedin.com/company/grabtalent-advisors
Cars.com,http://www.growwithcars.com,http://www.linkedin.com/company/cars-com
GSquared Group,http://www.gsquaredgroup.com,http://www.linkedin.com/company/gsquared-solutions
HackerRank,http://www.hackerrank.com,http://www.linkedin.com/company/hackerrank
haramainsystems,http://www.haramainsystems.com,http://www.linkedin.com/company/haramain-systems-inc
"Harmer Consultants, Inc.",http://www.harmer.com,http://www.linkedin.com/company/harmer
Harvey Nash,http://www.harveynashgroup.com,http://www.linkedin.com/company/nashtech-bps
Harvey Nash USA,http://www.harveynashusa.com,http://www.linkedin.com/company/harveynashusa
Hays,http://www.haysplc.com,http://www.linkedin.com/company/hays
Cleo (hicleo.com),http://www.hicleo.com,http://www.linkedin.com/company/hicleo
Hoverstate,http://www.hoverstate.com,http://www.linkedin.com/company/hoverstate
Hubilo Technologies,http://www.hubilo.com,http://www.linkedin.com/company/hubilo
iCST,http://www.i-cst.com,http://www.linkedin.com/company/icstglobal
"ICST, LLC",http://www.i-cst.com,http://www.linkedin.com/company/icstglobal
i3 Patterns Inc,http://www.i3patterns.com,http://www.linkedin.com/company/i3-patterns-inc
Icanio Technologies Inc,http://www.icanio.com,http://www.linkedin.com/company/icanio-technologies
iconvergence,http://www.iconvergence.com,http://www.linkedin.com/company/iconvergence
"IDR, Inc.",http://www.idr-inc.com,http://www.linkedin.com/company/idr-inc-_2
"Infinics, Inc",http://www.infinics.com,http://www.linkedin.com/company/infinics
Infinity Consulting Solutions,http://www.infinity-cs.com,http://www.linkedin.com/company/infinity-consulting-solutions
Inhouserecruiter.com,http://www.inhouserecruiter.com,http://www.linkedin.com/company/inhouserecruiter
Innominds Software Inc,http://www.innominds.com,http://www.linkedin.com/company/innominds
Insight Global,http://www.insightglobal.com,http://www.linkedin.com/company/insight-global
Inspire Recruitment Inc.,http://www.inspire-recruitment.com,http://www.linkedin.com/company/inspire-recruitment-inc
Intelliswift Software Inc,http://www.intelliswift.com,http://www.linkedin.com/company/intelliswift
Intone Networks Inc.,http://www.intonenetworks.com,http://www.linkedin.com/company/intone-networks
Intone Networks,http://www.intonenetworks.com,http://www.linkedin.com/company/intone-networks
IQVIA,http://www.iqvia.com,http://www.linkedin.com/company/iqvia
ITBMS Inc.,http://www.itbmsglobal.com,http://www.linkedin.com/company/itbms-inc
"The Computer Merchant, LTD (TCM)",http://www.itstaffing.com,http://www.linkedin.com/company/the-computer-merchant
Jackrabbit Technologies,http://www.jackrabbittech.com,http://www.linkedin.com/company/jackrabbit-technologies-inc
Puzzle,http://www.jigsawexplorer.com,
Calibrate,http://www.joincalibrate.com,http://www.linkedin.com/company/joincalibrate
Jamison Professional Services,http://www.jps-online.com,http://www.linkedin.com/company/jamison-professional-services
Jumpcloud,http://www.jumpcloud.com,http://www.linkedin.com/company/jumpcloud
Kairos Technologies,http://www.kairostech.com,http://www.linkedin.com/company/kairos-technologies-inc
Kandji,http://www.kandji.io,http://www.linkedin.com/company/kandji
"Karsun Solutions, LLC",http://www.karsun-llc.com,http://www.linkedin.com/company/karsun-solutions-llc
Kelly,http://www.kellyservices.com,http://www.linkedin.com/company/kellyservices
Kforce Technology Staffing,http://www.kforce.com,http://www.linkedin.com/company/kforce
KFS INC,http://www.kfsinc.com,http://www.linkedin.com/company/kfs-inc.
Latitude Inc,http://www.latitudeinc.net,http://www.linkedin.com/company/latitudeinc
Leaf Group,http://www.leafgroup.com,http://www.linkedin.com/company/leafgroup
LoanStreet Inc,http://www.loan-street.com,http://www.linkedin.com/company/loanstreet-llc
Locana,http://www.locanabio.com,http://www.linkedin.com/company/locanabio
"Lucas Group, A Korn Ferry Company",http://www.lucasgroup.com,http://www.linkedin.com/company/lucas-group
Magnus Technology Solutions,http://www.magnustechnol.com,http://www.linkedin.com/company/magnus-technology-solutions
"Marlabs, Inc",http://www.marlabs.com,http://www.linkedin.com/company/marlabs
Matlen Silver,http://www.matlensilver.com,http://www.linkedin.com/company/matlen-silver
Mediavine,http://www.mediavine.com,http://www.linkedin.com/company/mediavine
Medical Solutions,http://www.medicalsolutions.com,http://www.linkedin.com/company/medical-solutions
Mesolith Software LLC,http://www.mesolith.com,http://www.linkedin.com/company/mesolithsoftware
Method Recruiting,http://www.methodrecruiting.com,http://www.linkedin.com/company/methodrecruiting
Mindlance,http://www.mindlance.com,http://www.linkedin.com/company/mindlance
"Miracle Software Systems, Inc.",http://www.miraclesoft.com,http://www.linkedin.com/company/miraclesoft
Modern Agile Technologies,http://www.modernagiletech.com,http://www.linkedin.com/company/modernagiletechnologies
My3Tech,http://www.my3tech.com,http://www.linkedin.com/company/my3tech-inc
Nesco Resource,http://www.nescoresource.com,http://www.linkedin.com/company/nesco-resource
"NinjaOne, LLC",http://www.ninjaone.com,http://www.linkedin.com/company/ninjaone
New York Technology Partners,http://www.nytp.com,http://www.linkedin.com/company/new-york-technology-partners
O2 Technologies,http://www.o2inc.net,http://www.linkedin.com/company/o2technologies
The Oakleaf Group,http://www.oakleaf.com,http://www.linkedin.com/company/oakleaf-group
"The Oakleaf Group, LLC",http://www.oakleaf.com,http://www.linkedin.com/company/oakleaf-group
Onward Search,http://www.onwardsearch.com,http://www.linkedin.com/company/onward-search
Oscar Technology,http://www.oscar-tech.com,http://www.linkedin.com/company/oscar
Pacific Life,http://www.pacificlife.com,http://www.linkedin.com/company/pacific-life
Pactera Edge,http://www.pactera.com,http://www.linkedin.com/company/pacteraedge
Page Outsourcing,http://www.pageoutsourcing.com,http://www.linkedin.com/company/page-outsourcing
Palnar,http://www.palnar.com,http://www.linkedin.com/company/palnar
Path to Canada,http://www.path2canada.ca,http://www.linkedin.com/company/path-to-canada
PatientPop,http://www.patientpop.com,http://www.linkedin.com/company/patientpop-inc-
Photon Infotech,http://www.photon.in,http://www.linkedin.com/company/photon-interactive
Piper Companies,http://www.pipercompanies.com,http://www.linkedin.com/company/pipercompanies
Piplnow,http://www.piplnow.com,http://www.linkedin.com/company/piplnow-llc
Platinum Resource Group,http://www.platinumresourcegroup.com,http://www.linkedin.com/company/platinum-resource-group
Pluto TV,http://www.pluto.tv,http://www.linkedin.com/company/pluto-tv
"Primesoft, Inc",http://www.primesoftinc.com,http://www.linkedin.com/company/primesoft-inc
Primis,http://www.primis.tech,http://www.linkedin.com/company/primis-um
Professional Diversity Network,http://www.prodivnet.com,http://www.linkedin.com/company/prodivnet
ProFocus,http://www.profocustechnology.com,http://www.linkedin.com/company/profocus
Progressive Leasing,http://www.progleasing.com,http://www.linkedin.com/company/progressive-leasing
Progressive,http://www.progressive.com,http://www.linkedin.com/company/progressive-insurance
Prometric,http://www.prometric.com,http://www.linkedin.com/company/prometric
Prosper,http://www.prosper.com,http://www.linkedin.com/company/prosper-marketplace
PRICE WATERHOUSE COOPERS,http://www.pwc.com,http://www.linkedin.com/company/pwc
"Pyramid Consulting, Inc.",http://www.pyramidci.com,http://www.linkedin.com/company/pyramid-consulting
Qcentum Technologies,http://www.qcentum.com,http://www.linkedin.com/company/qcentum-technologies-llc
Qentelli,http://www.qentelli.com,http://www.linkedin.com/company/qentelli
Qualitest,http://www.qualitestgroup.com,http://www.linkedin.com/company/qualitest
Quantum Vision LLC,http://www.quantumvision.com,http://www.linkedin.com/company/quantum-vision
QuinStreet,http://www.quinstreet.com,http://www.linkedin.com/company/quinstreet
"QuSecure, Inc.",http://www.qusecure.com,http://www.linkedin.com/company/qusecure
Raas Infotek LLC,http://www.raasinfotek.com,http://www.linkedin.com/company/raasinfotek
Radiant Digital,http://www.radiant.digital,http://www.linkedin.com/company/radiant-digital-solutions
Railroad19,http://www.railroad19.com,http://www.linkedin.com/company/railroad19
Rauch & Associates,http://www.rauchassociates.com,http://www.linkedin.com/company/teamrauch
Real Talent Acquisition Group,http://www.realtalentacquisitiongroup.com,http://www.linkedin.com/company/real-talent-acquisition-group
Red Oak Technologies,http://www.redoaktech.com,http://www.linkedin.com/company/red-oak-technologies
Red Ventures,http://www.redventures.com,http://www.linkedin.com/company/red-ventures
Resource 1 LLC,http://www.resource1.net,http://www.linkedin.com/company/micro-strategies-resource-1
ReviewTrackers,http://www.reviewtrackers.com,http://www.linkedin.com/company/review-trackers
LTK USA,http://www.rewardstyle.com,http://www.linkedin.com/company/shopltk
"Rezult Group, Inc",http://www.rezultgroup.com,http://www.linkedin.com/company/the-rezult-group
Robert Half,http://www.roberthalf.com,http://www.linkedin.com/company/robert-half-international
Russell Tobin,http://www.russtob.news,http://www.linkedin.com/company/russell-tobin-&-associates-llc
Ryzen Solutions,http://www.ryzen.com,http://www.linkedin.com/company/ryzen-solutions
SAC Inc,http://www.sacinc.net,
SanMar,http://www.sanmar.com,http://www.linkedin.com/company/sanmar
SESC,http://www.sesc.org,http://www.linkedin.com/company/southeastern-surgical-congress
Signature Consultants,http://www.sigconsult.com,http://www.linkedin.com/company/signature-consultants
Silverxis,http://www.silverxis.com,http://www.linkedin.com/company/silverxis-inc
"Silver Xis, Inc.",http://www.silverxis.com,http://www.linkedin.com/company/silverxis-inc
Skill On Tap,http://www.skillontap.com,http://www.linkedin.com/company/skillontap
Skillsearch Limited,http://www.skillsearch.com,http://www.linkedin.com/company/skillsearch
SkySlope,http://www.skyslope.com,http://www.linkedin.com/company/skyslope
SmartIT Frame,http://www.smartitframe.com,http://www.linkedin.com/company/smart-it-frame-llc
Socure,http://www.socure.com,http://www.linkedin.com/company/socure
Sparksoft Corporation,http://www.sparksoftcorp.com,http://www.linkedin.com/company/sparksoft-corporation
Sparksoft,http://www.sparksoftcorp.com,http://www.linkedin.com/company/sparksoft-corporation
SPECTRAFORCE TECHNOLOGIES Inc.,http://www.spectraforce.com,http://www.linkedin.com/company/spectraforce
Spectra Group,http://www.spectragrp.com,http://www.linkedin.com/company/spectra-group-inc.
"Spiff, Inc.",http://www.spiff.com,http://www.linkedin.com/company/spiff-co
Spring Professional,http://www.springasia.com,http://www.linkedin.com/company/spring-professional
SP Tech Resources Inc.,http://www.sptecinc.com,http://www.linkedin.com/company/sp-tech-resources-inc
Spyglass Partners LLC,http://www.spyglasspartners.com,http://www.linkedin.com/company/spyglass-partners-llc
SQA Group,http://www.sqa-group.net,http://www.linkedin.com/company/sqa-group
Sripen,http://www.sripen.net,
Starz Entertainment,http://www.starz.com,http://www.linkedin.com/company/starz
Stellar Consulting Group LLC,http://www.stellarconsulting.com,http://www.linkedin.com/company/stellar-consulting-solutions
StevenDouglas,http://www.stevendouglas.com,http://www.linkedin.com/company/stevendouglashq
Systems Technology Group Inc. (STG),http://www.stgit.com,http://www.linkedin.com/company/systems-technology-group
Software Technology Inc,http://www.stiorg.com,http://www.linkedin.com/company/software-technology-inc
UST,http://www.stthomas.edu,http://www.linkedin.com/company/166674
"Swimlane, Inc.",http://www.swimlane.com,http://www.linkedin.com/company/swimlane
Swish Analytics,http://www.swishanalytics.com,http://www.linkedin.com/company/swish-analytics
SynergisticIT,http://www.synergisticit.com,http://www.linkedin.com/company/synergisticit
Talent Group,http://www.talentgroup.com,http://www.linkedin.com/company/the-talent-group
Talent Group,http://www.talentgroups.com,http://www.linkedin.com/company/talentgroup-staffing
Talent Table,http://www.talenttable.com,http://www.linkedin.com/company/talent-table
Tan Check Consolidated Inc.,http://www.tcci.com,http://www.linkedin.com/company/tan-check-consolidated-inc
EXOS,http://www.teamexos.com,http://www.linkedin.com/company/exos
Tech Holding,http://www.techholding.co,http://www.linkedin.com/company/techholding
TechHuman,http://www.techhumanit.com,http://www.linkedin.com/company/techhumanit
Tekcogno,http://www.tekcogno.com,http://www.linkedin.com/company/tekcogno
TestGrid,http://www.testgrid.io,http://www.linkedin.com/company/testgrid.io
The Hartford,http://www.thehartford.com,http://www.linkedin.com/company/the-hartford
The Highfield Company,http://www.thehighfieldcompany.com,http://www.linkedin.com/company/the-highfield-company
The RealReal,http://www.therealreal.com,http://www.linkedin.com/company/the-realreal
"Touchstone Solutions, Inc.",http://www.touchstonesolutions.com,http://www.linkedin.com/company/touchstone-solutions-inc.
TrackVia,http://www.trackvia.com,http://www.linkedin.com/company/trackvia-inc
TRIAD Group,http://www.triadgroup.com,http://www.linkedin.com/company/triad-group-inc
"TriNetX, LLC",http://www.trinetx.com,http://www.linkedin.com/company/trinetx
"Tyler Technologies, Inc.",http://www.tylertech.com,http://www.linkedin.com/company/tyler-technologies
United Software Group,http://www.usgrpinc.com,http://www.linkedin.com/company/united-software-group-inc
UST,http://www.ust.com,http://www.linkedin.com/company/ustglobal
US Tech Solutions,http://www.ustechsolutions.com,http://www.linkedin.com/company/us-tech-solutions
Vaco,http://www.vaco.com,http://www.linkedin.com/company/vaco
VALiNTRY ▼ Technology & Financial,http://www.valintrytechnology.com,http://www.linkedin.com/company/valintry
Valsatech Corp,http://www.valsatechcorp.com,http://www.linkedin.com/company/valsatech-corp
VBeyond Corporation,http://www.vbeyond.com,http://www.linkedin.com/company/vbeyond-corporation
VC5 Consulting,http://www.vc5consulting.com,http://www.linkedin.com/company/vc5consulting
Veeam,http://www.veeam.com,http://www.linkedin.com/company/veeam-software
Veear,http://www.veearprojects.com,http://www.linkedin.com/company/veear-projects
Virtusa Corporation,http://www.virtusa.com,http://www.linkedin.com/company/virtusa
VMware,http://www.vmware.com,http://www.linkedin.com/company/vmware
Tala,http://www.wearetala.com,http://www.linkedin.com/company/wearetala
Will-N-Able,http://www.willnable.com,
Workcog Inc,http://www.workcog.com,http://www.linkedin.com/company/workcog
Flux Resources,http://www.workwithflux.com,http://www.linkedin.com/company/flux-resources-llc
Xoriant Corporation,http://www.xoriant.com,http://www.linkedin.com/company/xoriant
Xpanxion,http://www.xpanxion.com,http://www.linkedin.com/company/xpanxion
Yes We Group LLC,http://www.yeswegroup.com,http://www.linkedin.com/company/yeswegroup
"Yoh, A Day & Zimmermann Company",http://www.yoh.com,http://www.linkedin.com/company/yoh-a-day-&-zimmermann-company
"York Solutions, LLC",http://www.yorksolutions.net,http://www.linkedin.com/company/york-solutions-llc
Zeektek,http://www.zeektek.com,http://www.linkedin.com/company/zeektek
ZEN3 INFOSOLUTIONS AMERICA INC,http://www.zen3.co.uk,http://www.linkedin.com/company/zen3-uk-limited
Zentek global,http://www.zentekglobal.com,http://www.linkedin.com/company/zenglobal-inc
Zillion Technologies,http://www.zillion.com,http://www.linkedin.com/company/zillion-group
