Company,Website,Company Linkedin Url
1010data,http://www.1010data.com,http://www.linkedin.com/company/1010data
1 POINT SYSTEM LLC,http://www.1pointsys.com,http://www.linkedin.com/company/1-point-systems
A2 Hosting,http://www.a2hosting.com,http://www.linkedin.com/company/a2-hosting
ACAMS,http://www.acams.org,http://www.linkedin.com/company/acams
Activeloop,http://www.activeloop.ai,http://www.linkedin.com/company/activeloop
ACV Auctions,http://www.acvauctions.com,http://www.linkedin.com/company/acv-auctions
Adaptive Biotechnologies Corp.,http://www.adaptivebiotech.com,http://www.linkedin.com/company/adaptive-biotechnologies-corp-
"Adroitco, Inc",http://www.adroitco.com,http://www.linkedin.com/company/adroitco-solutions-inc-
Adtran,http://www.adtran.com,http://www.linkedin.com/company/adtran
Aeaglet Technologies,http://www.aeaglettech.com,http://www.linkedin.com/company/aeaglet-technologies
Airbyte,http://www.airbyte.uk,http://www.linkedin.com/company/airbyte-limited
Alkami Technology,http://www.alkami.com,
Allstate,http://www.allstate.com,http://www.linkedin.com/company/allstate
AlphaPoint,http://www.alphapoint.com,http://www.linkedin.com/company/alpha-point
Alto,http://www.alto.com,http://www.linkedin.com/company/altopharmacy
Altruista Health,http://www.altruistahealth.com,http://www.linkedin.com/company/altruista-health
AM LLC,http://www.amllc.co,http://www.linkedin.com/company/am-llc
Amplify,http://www.amplify.com,http://www.linkedin.com/company/amplifyinc
Amyris,http://www.amyris.com,http://www.linkedin.com/company/amyris-inc
Antech Diagnostics,http://www.antechdiagnostics.com,http://www.linkedin.com/company/antech-diagnostics
Applied Systems,http://www.appliedsystems.com,http://www.linkedin.com/company/applied-systems
ArcTouch,http://www.arctouch.com,http://www.linkedin.com/company/arctouch
Arity,http://www.arity.com,http://www.linkedin.com/company/arity
Armedia,http://www.armedia.com,http://www.linkedin.com/company/armedia
Array,http://www.arraynow.com,http://www.linkedin.com/company/arraynow
Ascend,http://www.ascend.org,http://www.linkedin.com/company/ascend-federal-credit-union
American Specialty Health,http://www.ashcompanies.com,http://www.linkedin.com/company/american-specialty-health
ASICS Digital,http://www.asicsdigital.com,http://www.linkedin.com/company/fitnesskeeper-inc-
ASRC Federal,http://www.asrcfederal.com,http://www.linkedin.com/company/asrc-federal
Atrilogy Solutions Group,http://www.atrilogy.com,http://www.linkedin.com/company/atrilogy-solutions-group
AutoFi,http://www.autofi.com,http://www.linkedin.com/company/autofi
Avantus Federal,http://www.avantus.com,http://www.linkedin.com/company/avantus
Avetta,http://www.avetta.com,http://www.linkedin.com/company/avetta
Avive Solutions Inc.,http://www.avive.life,http://www.linkedin.com/company/avivesolutionsinc
Bainbridge,http://www.bainbridgecompanies.com,http://www.linkedin.com/company/the-bainbridge-companies
Baldwin Risk Partners,http://www.baldwinriskpartners.com,http://www.linkedin.com/company/baldwin-risk-partners
The Bauen Group LLC,http://www.bauensolutions.com,http://www.linkedin.com/company/the-bauen-group-llc
Beacon Hill Staffing Group,http://www.beaconhillstaffing.com,http://www.linkedin.com/company/beacon-hill-staffing-group
BetterCloud,http://www.bettercloud.com,http://www.linkedin.com/company/bettercloud
Beyond Finance,http://www.beyondfinance.com,http://www.linkedin.com/company/beyond-finance
BeyondTrust,http://www.beyondtrust.com,http://www.linkedin.com/company/beyondtrust
Billtrust,http://www.billtrust.com,http://www.linkedin.com/company/billtrust
BiTE interactive,http://www.biteinteractive.com,http://www.linkedin.com/company/bite-interactive
Bittrex,http://www.bittrex.com,http://www.linkedin.com/company/bittrexglobal
Blend,http://www.blend.com,http://www.linkedin.com/company/blend-
Blockdaemon,http://www.blockdaemon.com,http://www.linkedin.com/company/blockdaemon
Blue Triangle,http://www.bluetriangle.com,http://www.linkedin.com/company/blue-triangle-technologies
Boomi,http://www.boomi.com,http://www.linkedin.com/company/boomi-inc
BrowserStack,http://www.browserstack.com,http://www.linkedin.com/company/browserstack
Bullhorn,http://www.bullhorn.com,http://www.linkedin.com/company/bullhorn
Campaigner,http://www.campaigner.com,http://www.linkedin.com/company/campaigner1
Captiv8,http://www.captiv8.io,http://www.linkedin.com/company/captiv8
"Cardinal Financial Company, Limited Partnership",http://www.cardinalfinancial.com,http://www.linkedin.com/company/cardinalfinancial
Catalent Pharma Solutions,http://www.catalent.com,http://www.linkedin.com/company/catalent-pharma-solutions
Census,http://www.census.gov,http://www.linkedin.com/company/us-census-bureau
Centric Software,http://www.centricsoftware.com,http://www.linkedin.com/company/centric-software
Chainlink Labs,http://www.chain.link,http://www.linkedin.com/company/chainlinknetwork
Chelsoft Solutions Co.,http://www.chelsoftusa.com,http://www.linkedin.com/company/chelsoftusa
Cisco Meraki,http://www.cisco.com,http://www.linkedin.com/company/cisco
ClearanceJobs,http://www.clearancejobs.com,http://www.linkedin.com/company/clearancejobs.com
Clear Capital,http://www.clearcapital.com,http://www.linkedin.com/company/clearcapital
CMG Financial,http://www.cmgfi.com,http://www.linkedin.com/company/cmg-financial-services
Myriad Genetics,http://www.cnbc.com,http://www.linkedin.com/company/cnbc
Codeworks IT Careers,http://www.codeworks-inc.com,http://www.linkedin.com/company/codeworks-inc.
Cognizant,http://www.cognizant.com,http://www.linkedin.com/company/cognizant
Confluent,http://www.confluent.io,http://www.linkedin.com/company/confluent
ConnectWise,http://www.connectwise.com,http://www.linkedin.com/company/connectwise
ConsenSys,http://www.consensys.net,http://www.linkedin.com/company/consensus-systems-consensys-
Constant Contact,http://www.constantcontact.com,http://www.linkedin.com/company/constant-contact
Covetrus,http://www.covetrus.com,http://www.linkedin.com/company/covetrus
Credible,http://www.credible.com,http://www.linkedin.com/company/crediblelabs
CVS Health,http://www.cvshealth.com,http://www.linkedin.com/company/cvs-health
Cyrten,http://www.cyrten.com,http://www.linkedin.com/company/cyrten
"Data Intelligence, LLC",http://www.dataintelligencellc.com,http://www.linkedin.com/company/academic-data-intelligence-inc
Dice,http://www.dice.com,http://www.linkedin.com/company/dice
Diverse Lynx,http://www.diverselynx.com,http://www.linkedin.com/company/diverselynx
Divisions Maintenance Group,http://www.divisionsmg.com,http://www.linkedin.com/company/divisions-maintenance-group
"DMI (Digital Management, LLC)",http://www.dminc.com,http://www.linkedin.com/company/dmi-digital-management-inc-
DocuSign,http://www.docusign.com,http://www.linkedin.com/company/docusign
Dovel Technologies,http://www.doveltech.com,http://www.linkedin.com/company/dovel-technologies
"DrFirst, Inc.",http://www.drfirst.com,http://www.linkedin.com/company/drfirst
DTN,http://www.dtn.com,http://www.linkedin.com/company/dtnllc
Duck Creek Technologies,http://www.duckcreek.com,http://www.linkedin.com/company/duck-creek-technologies
Dutchie,http://www.dutchie.com,http://www.linkedin.com/company/getdutchie
DVG Tech Solutions LLC,http://www.dvgts.com,http://www.linkedin.com/company/dvg-tech-solutions-llc
Farm Credit Mid-America,http://www.e-farmcredit.com,http://www.linkedin.com/company/farm-credit-mid-america
EDZ Systems,http://www.edzsystems.com,http://www.linkedin.com/company/edz-systems
Ellucian,http://www.ellucian.com,http://www.linkedin.com/company/ellucian
Emonics LLC,http://www.emonics.com,http://www.linkedin.com/company/emonics
Empower,http://www.empower.com,http://www.linkedin.com/company/empowertoday
Encoded Therapeutics Inc.,http://www.encoded.com,http://www.linkedin.com/company/encodedtherapeutics
"Envestnet, Inc",http://www.envestnet.com,http://www.linkedin.com/company/envestnet
Epiq,http://www.epiqglobal.com,http://www.linkedin.com/company/epiqglobal
ESO,http://www.eso.com,http://www.linkedin.com/company/eso-solutions
eTeam,http://www.eteaminc.com,http://www.linkedin.com/company/eteam
Evernote,http://www.evernote.com,http://www.linkedin.com/company/evernote
EVgo,http://www.evgo.com,http://www.linkedin.com/company/evgo
Evolent Health,http://www.evolenthealth.com,http://www.linkedin.com/company/evolent-health
Evolve,http://www.evolve.com,http://www.linkedin.com/company/evolve-vacation-rental
Expert Technical Solutions,http://www.experttechnical.com,http://www.linkedin.com/company/expert-technical-solutions
eXp Realty,http://www.exprealty.com,http://www.linkedin.com/company/exp-realty
Finsbury Glover Hering,http://www.fgh.com,http://www.linkedin.com/company/finsburygloverhering
Fidelity TalentSource,http://www.fidelitytalentsource.com,http://www.linkedin.com/company/fidelity-talentsource
First Solar,http://www.firstsolar.com,http://www.linkedin.com/company/first-solar
Flexhire,http://www.flexhire.com,http://www.linkedin.com/company/flexhire-llc
FloQast,http://www.floqast.com,http://www.linkedin.com/company/floqast
Food Lion,http://www.foodlion.com,http://www.linkedin.com/company/food-lion
FreeAgent CRM,http://www.freeagentcrm.com,http://www.linkedin.com/company/freeagent-software
Freedom Financial Network,http://www.freedomfinancialnetwork.com,http://www.linkedin.com/company/freedom-financial
"Frontdoor, Inc.",http://www.frontdoorhome.com,http://www.linkedin.com/company/frontdoor-inc
Gartner,http://www.gartner.com,http://www.linkedin.com/company/gartner
GCS Recruitment Specialists,http://www.gcsrecruitment.com,http://www.linkedin.com/company/gcs-recruitment-specialists
General Dynamics Information Technology,http://www.gdit.com,http://www.linkedin.com/company/gdit
Gemini,http://www.gemini.com,http://www.linkedin.com/company/geminitrust
Genome Digital,http://www.geno.me,http://www.linkedin.com/company/genome-digital
Sapphire Digital,http://www.getsapphire.com,http://www.linkedin.com/company/sapphire-digital
Gluwa,http://www.gluwa.com,http://www.linkedin.com/company/gluwa
Granicus,http://www.granicus.com,http://www.linkedin.com/company/granicusinc
Greenphire,http://www.greenphire.com,http://www.linkedin.com/company/greenphire
Guidewire Software,http://www.guidewire.com,http://www.linkedin.com/company/guidewire-software
Hagerty,http://www.hagerty.com,http://www.linkedin.com/company/hagertycars
"Harmonia Holdings Group, LLC",http://www.harmonia.com,http://www.linkedin.com/company/harmonia-holdings-group-llc
Harvey Nash USA,http://www.harveynashusa.com,http://www.linkedin.com/company/harveynashusa
HealthEdge,http://www.healthedge.com,http://www.linkedin.com/company/healthedge
HealthRhythms,http://www.healthrhythms.com,http://www.linkedin.com/company/healthrhythms
HealthVerity,http://www.healthverity.com,http://www.linkedin.com/company/healthverity
Highspot,http://www.highspot.com,http://www.linkedin.com/company/highspot
HireRising,http://www.hirerising.com,http://www.linkedin.com/company/hirerising
Hi-Rez Studios,http://www.hirezstudios.com,http://www.linkedin.com/company/hi-rez-studios
Homepoint,http://www.homepointfinancial.com,http://www.linkedin.com/company/homepointloans
Huntress,http://www.huntress.com,http://www.linkedin.com/company/huntress-labs
IGNW,http://www.ignw.io,http://www.linkedin.com/company/cdw-dvs
IHS Markit,http://www.ihsmarkit.com,http://www.linkedin.com/company/ihsmarkit
iN2L,http://www.in2l.com,http://www.linkedin.com/company/in2l
Infinity Consulting Solutions,http://www.infinity-cs.com,http://www.linkedin.com/company/infinity-consulting-solutions
Infor,http://www.infor.com,http://www.linkedin.com/company/infor
iA,http://www.interiorarchitects.com,http://www.linkedin.com/company/ia-interior-architects
Invisible Technologies Inc.,http://www.inv.tech,http://www.linkedin.com/company/invisible-technologies-inc-
iRobot,http://www.irobot.com,http://www.linkedin.com/company/irobot
Ironclad,http://www.ironcladapp.com,http://www.linkedin.com/company/ironclad-inc-
isolved,http://www.isolvedhcm.com,http://www.linkedin.com/company/isolved
Jackrabbit Online Class Management Software,http://www.jackrabbitmusic.com,
Jamf,http://www.jamf.com,http://www.linkedin.com/company/jamf-software
The Judge Group,http://www.judge.com,http://www.linkedin.com/company/the-judge-group
Juniper,http://www.juniper.net,http://www.linkedin.com/company/juniper-networks
Juul Labs,http://www.juullabs.com,http://www.linkedin.com/company/juul-labs
"Keeper Security, Inc.",http://www.keepersecurity.com,http://www.linkedin.com/company/keeper-security-inc-
Kin + Carta,http://www.kinandcarta.com,http://www.linkedin.com/company/kinandcarta
KOBE ALUMINUM AUTOMOTIVE PRODUCTS LLC,http://www.kobeal.com,http://www.linkedin.com/company/kobe-aluminum-automotive-products-llc
Kognitiv Inc.,http://www.kognitivinc.com,http://www.linkedin.com/company/kognitiv-inc.
KOMMLINk GmbH,http://www.kommlink.de,http://www.linkedin.com/company/kommlink-gmbh
Lark Health,http://www.lark.com,http://www.linkedin.com/company/lark-health
Lattice,http://www.lattice.com,http://www.linkedin.com/company/lattice-hq
LeadVenture™,http://www.leadventure.com,http://www.linkedin.com/company/leadventureco
Leidos,http://www.leidos.com,http://www.linkedin.com/company/leidos
LinkSquares,http://www.linksquares.com,http://www.linkedin.com/company/linksquares
Locana,http://www.locanabio.com,http://www.linkedin.com/company/locanabio
LogicManager,http://www.logicmanager.com,http://www.linkedin.com/company/logicmanager-inc.
Logicworks,http://www.logicworks.com,http://www.linkedin.com/company/logicworks
Louisiana-Pacific Corporation,http://www.lpcorp.com,http://www.linkedin.com/company/louisiana-pacific-corporation
"Levi, Ray & Shoup, Inc. (LRS)",http://www.lrs.com,http://www.linkedin.com/company/lrs
Luxoft,http://www.luxoft.com,http://www.linkedin.com/company/luxoft
Magnus Technology Solutions,http://www.magnustechnol.com,http://www.linkedin.com/company/magnus-technology-solutions
ManTech,http://www.mantech.com,http://www.linkedin.com/company/mantech
Mattermost,http://www.mattermost.com,http://www.linkedin.com/company/mattermost
"MDLIVE, an Evernorth company",http://www.mdlive.com,http://www.linkedin.com/company/mdlive-inc-
Medix™,http://www.medixteam.com,http://www.linkedin.com/company/medix-staffing-solutions
Cleo,http://www.meetcleo.com,http://www.linkedin.com/company/cleo-ai
Memora Health,http://www.memorahealth.com,http://www.linkedin.com/company/memora-health
MetroStar,http://www.metrostar.com,http://www.linkedin.com/company/metrostar-systems
Millennial Tech,http://www.millntech.com,http://www.linkedin.com/company/millntech
Monad Inc,http://www.monadsolutions.com,http://www.linkedin.com/company/monad-solutions
"Management Science Associates, Inc.",http://www.msa.com,http://www.linkedin.com/company/management-science-associates
My3Tech,http://www.my3tech.com,http://www.linkedin.com/company/my3tech-inc
ACES$ Financial Management Services,http://www.mycil.org,http://www.linkedin.com/company/acess-financial-management-services
"NCI Information Systems, Inc",http://www.nciinc.com,http://www.linkedin.com/company/nci-information-systems-inc
New Directions Behavioral Health,http://www.ndbh.com,http://www.linkedin.com/company/new-directions-behavioral-health
Nelnet Community Engagement,http://www.nelnet.com,http://www.linkedin.com/company/nelnetintl
New American Funding,http://www.newamericanfunding.com,http://www.linkedin.com/company/new-american-funding
"NewWave Telecom & Technologies, Inc.",http://www.newwave.io,http://www.linkedin.com/company/newwave_technologies
NikSoft Systems Corporation,http://www.niksoft.com,http://www.linkedin.com/company/niksoft-systems-corp.
Nisum,http://www.nisum.com,http://www.linkedin.com/company/nisum-technologies
NoRedInk,http://www.noredink.com,http://www.linkedin.com/company/noredink
NSS RPO,http://www.nssrpo.com,http://www.linkedin.com/company/nss-rpo
nTopology,http://www.ntopology.com,http://www.linkedin.com/company/ntopology
Numbrs Bitcoin Account,http://www.numbrs.com,http://www.linkedin.com/company/numbrs
OneDigital,http://www.onedigital.com,http://www.linkedin.com/company/weareonedigital
ONI,http://www.onipress.com,http://www.linkedin.com/company/oni-press
OnTarget by Abound Health,http://www.ontargetconnect.com,http://www.linkedin.com/company/ontargetbyaboundhealth
"onXmaps, Inc.",http://www.onxmaps.com,http://www.linkedin.com/company/onxmaps
Optiveum,http://www.optiveum.com,http://www.linkedin.com/company/optiveum
Infosys,http://www.orangebanktrust.com,http://www.linkedin.com/company/orange-bank
OSIsoft,http://www.osisoft.com,http://www.linkedin.com/company/osisoft
Overstock.com,http://www.overstock.com,http://www.linkedin.com/company/overstock
Owens & Minor,http://www.owens-minor.com,http://www.linkedin.com/company/owens-&-minor
Page Outsourcing,http://www.pageoutsourcing.com,http://www.linkedin.com/company/page-outsourcing
Pagos Solutions,http://www.pagos.ai,http://www.linkedin.com/company/pagos-ai
PAR Technology,http://www.partech.com,http://www.linkedin.com/company/partechnology
Partech,http://www.partech.com,http://www.linkedin.com/company/partechnology
Paycor,http://www.paycor.com,http://www.linkedin.com/company/newton-software
Peek,http://www.peek.com,http://www.linkedin.com/company/peek-com
Piper Companies,http://www.pipercompanies.com,http://www.linkedin.com/company/pipercompanies
PiplNow LLC,http://www.piplnow.com,http://www.linkedin.com/company/piplnow-llc
PK,http://www.pknic.net.pk,http://www.linkedin.com/company/pknic
Platinum Resource Group,http://www.platinumresourcegroup.com,http://www.linkedin.com/company/platinum-resource-group
Project Management Institute,http://www.pmi.org,http://www.linkedin.com/company/projectmanagementinstitute
Possible,http://www.possible.com,http://www.linkedin.com/company/possible-com
PowerSchool,http://www.powerschool.com,http://www.linkedin.com/company/powerschool-group-llc
Premise Health,http://www.premisehealth.com,http://www.linkedin.com/company/premise-health
Printify,http://www.printify.com,http://www.linkedin.com/company/printify
Procore Technologies,http://www.procore.com,http://www.linkedin.com/company/procore-technologies
Prometric,http://www.prometric.com,http://www.linkedin.com/company/prometric
Q2,http://www.q2.com,http://www.linkedin.com/company/q2software
Radiant Digital,http://www.radiant.digital,http://www.linkedin.com/company/radiant-digital-solutions
Rauch & Associates,http://www.rauchassociates.com,http://www.linkedin.com/company/teamrauch
Recharge,http://www.rechargepayments.com,http://www.linkedin.com/company/recharge-payments
Redesign Health,http://www.redesignhealth.com,http://www.linkedin.com/company/redesign-health
REI Systems,http://www.reisystems.com,http://www.linkedin.com/company/rei-systems
REPAY - Realtime Electronic Payments,http://www.repay.com,http://www.linkedin.com/company/repay-holdings
"Reputable Recruiting, LLC",http://www.reputablerecruiting.com,http://www.linkedin.com/company/reputable-recruiting
Ribbon,http://www.ribbons.com,http://www.linkedin.com/company/ribbons.com
RingCentral,http://www.ringcentral.com,http://www.linkedin.com/company/ringcentral
"RIT Solutions, Inc.",http://www.ritsolinc.com,http://www.linkedin.com/company/rit-solutions-inc
Riverbed Technology,http://www.riverbed.com,http://www.linkedin.com/company/riverbed-technology
Robinhood,http://www.robinhood.com,http://www.linkedin.com/company/robinhood
RocketOffr,http://www.rocketoffr.com,http://www.linkedin.com/company/rocketoffr
RStudio PBC,http://www.rstudio.com,http://www.linkedin.com/company/rstudio-pbc
SageSure,http://www.sagesure.com,http://www.linkedin.com/company/sagesure
SAIC,http://www.saic.com,http://www.linkedin.com/company/saicinc
SailPoint,http://www.sailpoint.com,http://www.linkedin.com/company/sailpoint-technologies
Sauce Labs,http://www.saucelabs.com,http://www.linkedin.com/company/sauce-labs
Savvas Learning Company,http://www.savvas.com,http://www.linkedin.com/company/savvaslearning
SeatGeek,http://www.seatgeek.com,http://www.linkedin.com/company/seatgeek
SemanticBits,http://www.semanticbits.com,http://www.linkedin.com/company/semanticbits
Seneca Resources,http://www.senecahq.com,http://www.linkedin.com/company/seneca-resources-inc.
"Sierra7, Inc.",http://www.sierra7.com,http://www.linkedin.com/company/sierra7inc
Siri InfoSolutions Inc,http://www.siriinfo.com,http://www.linkedin.com/company/siriinfo
Skillsearch Limited,http://www.skillsearch.com,http://www.linkedin.com/company/skillsearch
Smarsh,http://www.smarsh.com,http://www.linkedin.com/company/smarsh
SmartBear,http://www.smartbear.com,http://www.linkedin.com/company/smartbear
Snap Finance,http://www.snapfinance.com,http://www.linkedin.com/company/snap-finance
Socure,http://www.socure.com,http://www.linkedin.com/company/socure
SoftPro,http://www.softprocorp.com,http://www.linkedin.com/company/softpro
Soft Tech Consulting,http://www.softtechconsulting.com,http://www.linkedin.com/company/soft-tech-consulting
SohanIT Inc,http://www.sohanit.com,http://www.linkedin.com/company/sohanit-inc
SomaLogic,http://www.somalogic.com,http://www.linkedin.com/company/somalogic
"Sonos, Inc.",http://www.sonos.com,http://www.linkedin.com/company/sonos-inc-
Spassu Tecnologia e Serviços,http://www.spassu.com.br,http://www.linkedin.com/company/spassu-tecnologia-e-servi%c3%a7os
Speak_,http://www.speak.careers,http://www.linkedin.com/company/speakcareers
Spring Professional,http://www.springasia.com,http://www.linkedin.com/company/spring-professional
Spring Health,http://www.springhealth.com,http://www.linkedin.com/company/spring-health
SP Tech Resources Inc.,http://www.sptecinc.com,http://www.linkedin.com/company/sp-tech-resources-inc
STAND 8 Technology Services,http://www.stand8.io,http://www.linkedin.com/company/westand8
Stride,http://www.stridehealth.com,http://www.linkedin.com/company/stride-benefits
Subsplash,http://www.subsplash.com,http://www.linkedin.com/company/subsplash
Superpedestrian,http://www.superpedestrian.com,http://www.linkedin.com/company/superpedestrian-inc-
Swoop Search,http://www.swoopsrch.com,http://www.linkedin.com/company/swoopsearch
symplr,http://www.symplr.com,http://www.linkedin.com/company/symplr
Sysdig,http://www.sysdig.com,http://www.linkedin.com/company/sysdig
System1,http://www.system1.com,http://www.linkedin.com/company/system1co
"Takeoff Technologies, Inc.",http://www.takeoff.com,http://www.linkedin.com/company/takeoff-technologies
"Tanisha Systems, Inc",http://www.tanishasystems.com,http://www.linkedin.com/company/tanishasystems
TechDigital,http://www.techdigitalcorp.com,http://www.linkedin.com/company/techdigital-corporation
Tech Holding,http://www.techholding.co,http://www.linkedin.com/company/techholding
TEKFORTUNE INC,http://www.tekfortune.com,http://www.linkedin.com/company/tekfortune
Tek Leaders IT Staffing,http://www.tekleaders.com,http://www.linkedin.com/company/tek-leaders-inc
TekPartners,http://www.tekpartners.com,http://www.linkedin.com/company/tekpartners
Terraform Labs,http://www.terra.money,http://www.linkedin.com/company/terraform-labs
testRigor,http://www.testrigor.com,http://www.linkedin.com/company/testrigor
The Mom Project,http://www.themomproject.com,http://www.linkedin.com/company/the-mom-project
TheRights.com,http://www.therights.com,
Tiger Analytics,http://www.tigeranalytics.com,http://www.linkedin.com/company/tiger-analytics
"Tivix, Inc.",http://www.tivix.com,http://www.linkedin.com/company/tivix
TLM Partners,http://www.tlmpartners.com,http://www.linkedin.com/company/tlm-partners-inc
Toast,http://www.toasttab.com,http://www.linkedin.com/company/toast-inc
TraceGains,http://www.tracegains.com,http://www.linkedin.com/company/tracegains-inc-
Tricentis,http://www.tricentis.com,http://www.linkedin.com/company/tricentis
Truckstop.com,http://www.truckstop.com,http://www.linkedin.com/company/truckstop
Tucows,http://www.tucows.com,http://www.linkedin.com/company/tucows
Tunts.Rocks,http://www.tunts.rocks,http://www.linkedin.com/company/tuntsrocks
Under Armour,http://www.underarmour.com,http://www.linkedin.com/company/under-armour
Unono,http://www.unono.net,http://www.linkedin.com/company/unono
Upstart,http://www.upstart.com,http://www.linkedin.com/company/upstart-network
U.S. Bank,http://www.usbank.com,http://www.linkedin.com/company/us-bank
US Tech Solutions,http://www.ustechsolutions.com,http://www.linkedin.com/company/us-tech-solutions
VARITE INC,http://www.varite.com,http://www.linkedin.com/company/varite
"Velocity Global, LLC",http://www.velocityglobal.com,http://www.linkedin.com/company/velocity-global-llc
Velocity Staff,http://www.velocitystaff.com,http://www.linkedin.com/company/velocity-staff
Vertex Inc.,http://www.vertexinc.com,http://www.linkedin.com/company/vertex-inc.
"Veruna, Inc.",http://www.veruna.com,http://www.linkedin.com/company/veruna
Virtually Human,http://www.vhslab.com,http://www.linkedin.com/company/virtually-human
VideaHealth,http://www.videa.ai,http://www.linkedin.com/company/videahealth
vizabli,http://www.vizabli.com,http://www.linkedin.com/company/vizabli
"Vizient, Inc",http://www.vizientinc.com,http://www.linkedin.com/company/vizient
Volmatica,http://www.volmatica.com,http://www.linkedin.com/company/volmatica-inc
Voltron Data,http://www.voltrondata.com,http://www.linkedin.com/company/voltrondata
Vonage,http://www.vonage.com,http://www.linkedin.com/company/vonage
"V-Soft Consulting Group, Inc.",http://www.vsoftconsulting.com,http://www.linkedin.com/company/vsoftconsulting
Avantor,http://www.vwr.com,http://www.linkedin.com/company/vwr
W3Global,http://www.w3global.com,http://www.linkedin.com/company/w3global
Walker & Dunlop,http://www.walkerdunlop.com,http://www.linkedin.com/company/walker-&-dunlop
Wavicle Data Solutions,http://www.wavicledata.com,http://www.linkedin.com/company/wavicle-data-solutions
Tala,http://www.wearetala.com,http://www.linkedin.com/company/wearetala
WEX,http://www.wexinc.com,http://www.linkedin.com/company/wexinc
Whatnot,http://www.whatnot.com,http://www.linkedin.com/company/whatnot-inc
WorkRamp,http://www.workramp.com,http://www.linkedin.com/company/workramp
Wpromote,http://www.wpromote.com,http://www.linkedin.com/company/wpromote
"Yoh, A Day & Zimmermann Company",http://www.yoh.com,http://www.linkedin.com/company/yoh-a-day-&-zimmermann-company
Aspire Software,http://www.youraspire.com,http://www.linkedin.com/company/aspire-landscape-management-software
Yugabyte,http://www.yugabyte.com,http://www.linkedin.com/company/yugabyte
Zen Ecosystems,http://www.zenecosystems.com,http://www.linkedin.com/company/zen-ecosystems
ZOLL Medical Corporation,http://www.zoll.com,http://www.linkedin.com/company/zoll-medical-corporation
ZOLL Data Systems,http://www.zolldata.com,http://www.linkedin.com/company/zolldata
3i Infotech Inc.,http://www.3i-infotech.com,http://www.linkedin.com/company/3i-infotech
4-Serv Solutions Inc.,http://www.4-serveinc.com,http://www.linkedin.com/company/4servsolutions
4 Consulting Inc,http://www.4ci-usa.com,http://www.linkedin.com/company/web-marketing-consulting
Abbott-Unlimited,http://www.abbott-unlimited.com,http://www.linkedin.com/company/abbott-unlimited-llc
"ABCS, Inc.",http://www.abcscorp.com,http://www.linkedin.com/company/abcscorp
accesso,http://www.accesso.com,http://www.linkedin.com/company/accesso
Accolite Digital LLC,http://www.accolite.com,http://www.linkedin.com/company/accolitedigital
"Ace Technologies, Inc.",http://www.acetechnologies.com,http://www.linkedin.com/company/acetechnologies
"American Cybersystems, Inc.",http://www.acsicorp.com,http://www.linkedin.com/company/acs-solutions
Acumenz Consulting,http://www.acumenz.com,
Aditi Staffing LLC,http://www.aditiconsulting.com,http://www.linkedin.com/company/aditiconsulting
AE Business Solutions,http://www.aebs.com,http://www.linkedin.com/company/ae-business-solutions
AFLAC,http://www.aflac.com,http://www.linkedin.com/company/aflac
"Agile Datapro, Inc",http://www.agiledatapro.com,http://www.linkedin.com/company/agile-datapro
"AGM Tech Solutions, LLC",http://www.agmtechsolutions.com,http://www.linkedin.com/company/agm-tech-solutions
AIMQ Development LLC,http://www.aimqd.com,
"AIT Global, Inc.",http://www.aitglobalinc.com,http://www.linkedin.com/company/ait-global-inc-
Ajace Inc,http://www.ajace.com,http://www.linkedin.com/company/ajace-inc
Akshar IT Solutions,http://www.aksharitsolution.com,http://www.linkedin.com/company/akshar-it-solution-india
Alexa Systems,http://www.alexasystems.com,http://www.linkedin.com/company/alexa-systems
Allwyn Corporation,http://www.allwyncorp.com,http://www.linkedin.com/company/allwyncorp
Amazech Solutions,http://www.amazech.com,http://www.linkedin.com/company/amazech-solutions
Amazon,http://www.amazon.com,http://www.linkedin.com/company/amazon
"Amiti Consulting, Inc",http://www.amiticonsulting.co,
"Amzur Technologies, Inc.",http://www.amzur.com,http://www.linkedin.com/company/amzur-technologies-inc
Aptino,http://www.aptino.com,http://www.linkedin.com/company/aptino
Apton Inc,http://www.aptoninc.com,http://www.linkedin.com/company/apton-inc
The Ascent Services Group,http://www.ascentsg.com,http://www.linkedin.com/company/ascentservicesgroup
"ASD, Inc.",http://www.asd-inc.com,http://www.linkedin.com/company/advanced-systems-development-inc.
Astir IT Solutions,http://www.astirit.com,http://www.linkedin.com/company/astir-it
Augusta Hitech Soft Solutions LLC,http://www.augustahitech.com,http://www.linkedin.com/company/augusta-hitech-soft-solutions
AVB Marketing,http://www.avbmarketing.com,http://www.linkedin.com/company/avbmarketing
Averosoft Inc.,http://www.averosoft.com,http://www.linkedin.com/company/averosoft-inc
Avila IT,http://www.avilaitservices.com,http://www.linkedin.com/company/avilaitservices
Avista Tech,http://www.avistatech.net,http://www.linkedin.com/company/avista-tech
Bayforce,http://www.bayforce.com,http://www.linkedin.com/company/bayforce
BayOne Solutions,http://www.bayone.com,http://www.linkedin.com/company/bayone-solutions
Best High Technologies,http://www.besthtech.com,http://www.linkedin.com/company/best-high-technologies-llc-bht-
Bestinfo Systems LLC,http://www.bestinfo.systems,
Betasharp,http://www.betasharp.com,http://www.linkedin.com/company/betasharpinc
Bicitis Group,http://www.bicitisgroup.com,http://www.linkedin.com/company/bicitis-group-incorporated
"Binding Minds, Inc.",http://www.binding-minds.com,http://www.linkedin.com/company/binding-minds-inc
Black Knight Inc,http://www.blackknightinc.com,http://www.linkedin.com/company/blackknight
Blink Technology Partners,http://www.blinktp.com,http://www.linkedin.com/company/blink-technology-partners
Blue.Cloud,http://www.blue.cloud,http://www.linkedin.com/company/bluecloudservices
Bridge Professional Services,http://www.bridgeprosvcs.com,http://www.linkedin.com/company/bridge-professional-services
The Brixton Group,http://www.brixton.net,http://www.linkedin.com/company/the-brixton-group-inc.
Brothers Consulting,http://www.brothersconsultingllc.com,http://www.linkedin.com/company/brothers-consulting-llc
C2S Technologies Inc,http://www.c2stechs.com,http://www.linkedin.com/company/c2stechs
"Capgemini America, Inc.",http://www.capgemini.com,http://www.linkedin.com/company/capgemini
Caprus IT Inc.,http://www.caprusit.com,http://www.linkedin.com/company/caprusit
Cardinal Intellectual Property,http://www.cardinal-ip.com,http://www.linkedin.com/company/cardinal-intellectual-property
"Brains Workgroup, Inc.",http://www.catsone.com,http://www.linkedin.com/company/independent-recruiter
Cerebral Technologies,http://www.cblsolutions.com,http://www.linkedin.com/company/cblsolutions
Connexions Data Inc,http://www.cdatainc.com,http://www.linkedin.com/company/connexions-data-inc
CDM Technology,http://www.cdmtechnology.com,http://www.linkedin.com/company/cdm-technology
"Computer Enterprises, Inc.",http://www.ceiamerica.com,http://www.linkedin.com/company/cei-ceiamerica-com
CGS Business Solutions,http://www.cgs-it.net,http://www.linkedin.com/company/cgs_5
Chabez Tech LLC,http://www.chabeztech.com,http://www.linkedin.com/company/chabeztech-llc
Cigniti Technologies Inc,http://www.cigniti.com,http://www.linkedin.com/company/cigniti-inc
CIMA,http://www.cimaglobal.com,http://www.linkedin.com/company/163045
Clear Capital,http://www.clearcapital.com,http://www.linkedin.com/company/clearcapital
Cleo Consulting Inc.,http://www.cleoconsult.com,http://www.linkedin.com/company/cleo-consulting-inc-
Cloud Destinations LLC,http://www.clouddestinations.com,http://www.linkedin.com/company/cloud-destinations
Cloudious LLC,http://www.cloudious.com,http://www.linkedin.com/company/cloudious-llc
"CloudRay, Inc",http://www.cloudrayinc.com,http://www.linkedin.com/company/cloudray-inc
Codeforce 360,http://www.codeforce.com,http://www.linkedin.com/company/codeforce-360
Coforge,http://www.coforge.com,http://www.linkedin.com/company/coforge-tech
Cognizance Technologies,http://www.cognizancetech.com,http://www.linkedin.com/company/cognizancetech
Comcentric Inc.,http://www.comcentric.com,http://www.linkedin.com/company/comcentric
"Competent Systems, Inc",http://www.competentsystems.com,
CompuGain LLC,http://www.compugain.com,http://www.linkedin.com/company/compugain
Comtech LLC,http://www.comtechllc.com,http://www.linkedin.com/company/comtech-llc
"Conduent Business Services, LLC",http://www.conduent.com,http://www.linkedin.com/company/conduent
Contech Systems Online,http://www.contech-it.com,http://www.linkedin.com/company/contech-systems-inc
Corporate Systems Associates,http://www.csahartford.com,http://www.linkedin.com/company/corporate-systems-associates
CyberSN,http://www.cybersn.com,http://www.linkedin.com/company/cybersn
Cyma Systems Inc,http://www.cymasys.com,http://www.linkedin.com/company/cyma-systems-inc
Cyber Sphere LLC,http://www.cysphere.net,http://www.linkedin.com/company/cyber-sphere
Data Capital Inc,http://www.datacapitalinc.com,
"Datamatics Global Services, Inc.",http://www.datamatics.com,http://www.linkedin.com/company/datamatics
Data Intelligence LLC.,http://www.di-llc.com,http://www.linkedin.com/company/data-intelligence-llc
Digipulse Technologies Inc.,http://www.digipulsetech.com,http://www.linkedin.com/company/digipulse-technologies-inc-
MAXAR Technologies,http://www.digitalglobe.com,http://www.linkedin.com/company/digitalglobe
"Digital Intelligence Systems, LLC",http://www.disys.com,http://www.linkedin.com/company/disys
The Depository Trust & Clearing Corporation,http://www.dtcc.com,http://www.linkedin.com/company/dtcc
DVG Tech Solutions LLC,http://www.dvgts.com,http://www.linkedin.com/company/dvg-tech-solutions-llc
"DVI Technologies, Inc.",http://www.dvitechnologies.com,http://www.linkedin.com/company/dvi-technologies-inc-
Dynanet Corporation,http://www.dynanetcorp.com,http://www.linkedin.com/company/dynanet-corporation
ETS LLC,http://www.eastlandtitleservices.com,http://www.linkedin.com/company/eastland-title-services-inc
Enterprise Business Solutions Inc,http://www.ebsolutionsinc.com,http://www.linkedin.com/company/enterprise-business-solutions-inc
ec3 Federal Services,http://www.ec3federalservices.com,http://www.linkedin.com/company/ec3-federal-services
Elan Partners,http://www.elanpartners.com,http://www.linkedin.com/company/elanpartners
Elite Innovative Solutions Inc.,http://www.eliteisinc.com,http://www.linkedin.com/company/elite-innovative-solutions-inc
Eminent Software Services LLC,http://www.eminent8.com,http://www.linkedin.com/company/eminent-software-services
Empower Professionals,http://www.empowerprofessionals.com,http://www.linkedin.com/company/empower-professionals-inc
"Encode, Inc.",http://www.encodeinc.com,http://www.linkedin.com/company/encode
"Endure Technology Solutions, Inc.",http://www.endure.tech,http://www.linkedin.com/company/endure-technology-solutions
Enexus Global,http://www.enexusglobal.com,http://www.linkedin.com/company/enexusglobal
Estrobees Technology Inc,http://www.estrobees.com,http://www.linkedin.com/company/estrobees
Everest Global Solutions,http://www.everestglobalsolutions.com,http://www.linkedin.com/company/everestglobalsolutions
"Everest Consultants, Inc.",http://www.everestinc.com,http://www.linkedin.com/company/everest-consultants-inc-
Everest Technologies,http://www.everesttech.com,http://www.linkedin.com/company/everest-technologies-inc
EverythingD,http://www.everythingd.com,http://www.linkedin.com/company/everythingd-inc
Experis,http://www.experis.com,http://www.linkedin.com/company/experis
FASTRA LLC,http://www.fastrallc.com,http://www.linkedin.com/company/fastra.com
FRG Technology Consulting,http://www.frgconsulting.com,http://www.linkedin.com/company/frg-technology-consulting
"Favor TechConsulting, LLC",http://www.ftc-llc.com,http://www.linkedin.com/company/favor-techconsulting
Fusion IT Inc,http://www.fusionitinc.com,http://www.linkedin.com/company/fusion-it-inc
"Fusion Solutions, Inc.",http://www.fusionsolutionsinc.com,http://www.linkedin.com/company/fusion-solutions
GAC Solutions Inc.,http://www.gacsol.com,http://www.linkedin.com/company/gacsol
Genius Business Solutions,http://www.geniusbsi.com,http://www.linkedin.com/company/genius-business-solutions
Generic Solutions Inc,http://www.gensolinc.com,http://www.linkedin.com/company/gensolinc
Concero Technology Group,http://www.getconcero.com,http://www.linkedin.com/company/get-concero
"GlobalLogic, Inc.",http://www.globallogic.com,http://www.linkedin.com/company/globallogic
Global Soft Systems,http://www.globalsoftsystems.com,http://www.linkedin.com/company/global-soft-systems
GM Financial,http://www.gmfinancial.com,http://www.linkedin.com/company/gm-financial
Harrison National Employment,http://www.harrisonnationalemployment.com,http://www.linkedin.com/company/harrison-national-employment
"Heartland Payment Systems, LLC",http://www.heartlandpaymentsystems.com,
Hallmark Global Technologies,http://www.hgtechinc.net,http://www.linkedin.com/company/hallmark-global-technologies
HireRising,http://www.hirerising.com,http://www.linkedin.com/company/hirerising
HTC Global Services,http://www.htcinc.com,http://www.linkedin.com/company/htc-global-services
"Hunter Technical Resources, LLC",http://www.htrjobs.com,http://www.linkedin.com/company/hunter-technical-resources-llc
iCST,http://www.i-cst.com,http://www.linkedin.com/company/icstglobal
ICONMA,http://www.iconma.com,http://www.linkedin.com/company/iconma
ICW Group (Insurance Company of the West),http://www.icwgroup.com,http://www.linkedin.com/company/icw-group
IDC Technologies,http://www.idctechnologies.com,http://www.linkedin.com/company/idc-technologies-inc.
I-Link Solutions,http://www.ilinksolutions.com,http://www.linkedin.com/company/i-link-solutions
Incedo Inc,http://www.incedoinc.com,http://www.linkedin.com/company/incedo-inc
Incorporan Inc,http://www.incorporaninc.com,http://www.linkedin.com/company/incorporan-inc
Infinite Computer Solutions (ICS),http://www.infinite.com,http://www.linkedin.com/company/infinite-computer-solutions
Infinity Consulting Solutions,http://www.infinity-cs.com,http://www.linkedin.com/company/infinity-consulting-solutions
Infobahn Softworld Inc.,http://www.infobahnsw.com,http://www.linkedin.com/company/infobahn-softworld-inc
InfoPeople Corp,http://www.infopeoplecorp.com,http://www.linkedin.com/company/info-people-corporation
InfoVision Inc.,http://www.infovision.com,http://www.linkedin.com/company/infovision
Intellisoft Technologies,http://www.intellisofttech.com,http://www.linkedin.com/company/intellisoft-technologies
Intelliswift Software Inc,http://www.intelliswift.com,http://www.linkedin.com/company/intelliswift
"iQuasar, LLC",http://www.iquasar.com,http://www.linkedin.com/company/iquasar-llc
"Computer Merchant, Ltd., The",http://www.itstaffing.com,http://www.linkedin.com/company/the-computer-merchant
"IT Trailblazers, LLC",http://www.ittblazers.com,http://www.linkedin.com/company/it-trailblazers
IVY TECH SOLUTIONS INC,http://www.ivytechsol.com,http://www.linkedin.com/company/ivy-tech-solutions-inc
JConnect Inc,http://www.jconnectinc.com,http://www.linkedin.com/company/jconnect-inc
Jefferson Frank,http://www.jeffersonfrank.com,http://www.linkedin.com/company/jefferson-frank
Johnson Technology Systems Inc (JTSI),http://www.jtsusa.com,http://www.linkedin.com/company/johnson-technology-systems-inc
Kapital Data Corp,http://www.kapitaldata.com,http://www.linkedin.com/company/kapital-data-corp
Kellton Tech,http://www.kelltontech.com,http://www.linkedin.com/company/kellton-tech
Kforce Inc,http://www.kforce.com,http://www.linkedin.com/company/kforce
Kollasoft Inc.,http://www.kollasoft.com,http://www.linkedin.com/company/kolla-soft-inc
KORE1,http://www.kore1.com,http://www.linkedin.com/company/kore1-technologies
Krea Technology Inc.,http://www.krea-tech.com,http://www.linkedin.com/company/kreatechnologyllc
K Source Inc,http://www.ksource.org,http://www.linkedin.com/company/k-source
Lead IT Corporation,http://www.leaditgroup.com,http://www.linkedin.com/company/lead-it-corporation
LeapIT,http://www.leapitnow.com,http://www.linkedin.com/company/leapit-llc
Levanture,http://www.levanture.com,http://www.linkedin.com/company/levanture-inc
"LingaTech, Inc",http://www.lingatech.com,http://www.linkedin.com/company/lingatech
Logisoft Technologies Inc,http://www.logisofttechinc.com,http://www.linkedin.com/company/logisofttechnologies-inc
Lorvenk Technologies LLC,http://www.lor-venk.com,http://www.linkedin.com/company/lorvenk-technologies
Luxoft USA Inc,http://www.luxoft.com,http://www.linkedin.com/company/luxoft
M9 Solutions,http://www.m9solutions.com,http://www.linkedin.com/company/m9-solutions
Macrosoft,http://www.macrosoftinc.com,http://www.linkedin.com/company/macrosoft
MAKE Corporation,http://www.makecor.com,http://www.linkedin.com/company/make-corporation
MakeSense Inc,http://www.makesensesoft.com,http://www.linkedin.com/company/makesense-software-services
Masterapp Labs,http://www.masterapplabs.com,http://www.linkedin.com/company/masterapplabs
Matchpointe Group,http://www.matchpointegroup.com,http://www.linkedin.com/company/matchpointe-group
Matlen Silver,http://www.matlensilver.com,http://www.linkedin.com/company/matlen-silver
Maximus,http://www.maximus.com,http://www.linkedin.com/company/maximus
McCormick & Company,http://www.mccormickcorporation.com,http://www.linkedin.com/company/mccormick
Merican Inc,http://www.mericanmule.com,http://www.linkedin.com/company/mericanmule
Metro Systems Inc,http://www.metrosystemsinc.com,http://www.linkedin.com/company/metrosystemsinc
Micasa Global,http://www.micasaglobal.com,http://www.linkedin.com/company/micasa-global
MST Solutions,http://www.mstsolutions.com,http://www.linkedin.com/company/mstsolutions
"Millennium Trust Company, LLC",http://www.mtrustcompany.com,http://www.linkedin.com/company/millennium-trust-company
Multivision Inc-IL,http://www.multivision-inc.com,http://www.linkedin.com/company/multivision-inc-naperville-illinois
Yes-M Systems,http://www.myyesm.com,http://www.linkedin.com/company/yes-m-systems
Naztec International Group LLC,http://www.naztecgroup.com,http://www.linkedin.com/company/naztec-international-group
Ness USA inc.,http://www.ness.com,http://www.linkedin.com/company/ness-ses
Net2Source Inc.,http://www.net2source.com,http://www.linkedin.com/company/net2sourceinc
Network Objects Inc.,http://www.networkobjects.com,http://www.linkedin.com/company/networkobejcts
"New Iron Group, Inc.",http://www.newiron.com,http://www.linkedin.com/company/new-iron
Newt Global,http://www.newtglobal.com,http://www.linkedin.com/company/newt-global
Nigel Frank International,http://www.nigelfrank.com,http://www.linkedin.com/company/nigel-frank-international
Nityo Infotech Corporation,http://www.nityo.com,http://www.linkedin.com/company/nityo-infotech
Nu Skin Enterprises,http://www.nse.co,http://www.linkedin.com/company/nuskinenterprises
"NTT DATA, Inc.",http://www.nttdata.com,http://www.linkedin.com/company/ntt-data-americas
Numentica LLC,http://www.numentica.com,http://www.linkedin.com/company/numentica-llc
New York Technology Partners,http://www.nytp.com,http://www.linkedin.com/company/new-york-technology-partners
Odyssey Information Services,http://www.odysseyis.com,http://www.linkedin.com/company/odyssey-information-services
Oscar Technology,http://www.oscar-tech.com,http://www.linkedin.com/company/oscar
"OSI Engineering, Inc.",http://www.osiengineering.com,http://www.linkedin.com/company/osi-engineering-inc.
Oxford Global Resources,http://www.oxfordcorp.com,http://www.linkedin.com/company/oxford-global-resources
Palnar,http://www.palnar.com,http://www.linkedin.com/company/palnar
Paradigm Infotech,http://www.paradigminfotech.com,
Parmesoft Inc.,http://www.parmesoft.com,http://www.linkedin.com/company/parmesoft
Patton Labs Inc.,http://www.pattonlabs.com,http://www.linkedin.com/company/patton-labs-inc
Pegasys Information Technologies,http://www.pegasyssoft.com,http://www.linkedin.com/company/pegasys-information-technologies-pvt-ltd
PenFed Credit Union,http://www.penfed.org,http://www.linkedin.com/company/penfed
PeopleCaddie,http://www.peoplecaddie.com,http://www.linkedin.com/company/peoplecaddie
PeopleCorp America Inc,http://www.peoplecorp.com,http://www.linkedin.com/company/peoplecorp-america-inc.
"Per Scholas, Inc.",http://www.perscholas.org,http://www.linkedin.com/company/per-scholas
PETADATA,http://www.petadata.io,
Photon Infotech,http://www.photonengine.com,http://www.linkedin.com/company/photon-interactive
Piplnow,http://www.piplnow.com,http://www.linkedin.com/company/piplnow-llc
Platinum Resource Group,http://www.platinumresourcegroup.com,http://www.linkedin.com/company/platinum-resource-group
Precision System Design Inc.,http://www.precisionsystems.com,http://www.linkedin.com/company/precision-systems
Peyton Resource Group,http://www.prg-usa.com,http://www.linkedin.com/company/peyton-resource-group
PROLIM Global Corporation,http://www.prolim.com,http://www.linkedin.com/company/prolim-corporation
Prominds Business Consulting Inc,http://www.prominds.us,http://www.linkedin.com/company/prominds-business-consulting-inc
Prontoux INC,http://www.prontoux.com,http://www.linkedin.com/company/prontoux-inc
"Proterra, Inc",http://www.proterra.com,http://www.linkedin.com/company/proterra-inc
Prudent Partners LLC,http://www.prudent-partners.com,http://www.linkedin.com/company/prudent-partners-llc
Pulivarthi Group,http://www.pulivarthigroup.com,http://www.linkedin.com/company/pulivarthigroup
Pull Skill Technologies,http://www.pullskill.com,http://www.linkedin.com/company/pull-skill-technologies-inc-
Stefanini,http://www.puresoftinc.com,http://www.linkedin.com/company/puresoft-inc
"Pyramid Consulting, Inc",http://www.pyramidci.com,http://www.linkedin.com/company/pyramid-consulting
Qcentrio,http://www.qcentrio.com,http://www.linkedin.com/company/qcentrio
Qentelli,http://www.qentelli.com,http://www.linkedin.com/company/qentelli
Quantum Vision LLC,http://www.quantumvision.com,http://www.linkedin.com/company/quantum-vision
"RapidIT, Inc",http://www.rapiditinc.com,http://www.linkedin.com/company/rapiditinc
REI Systems,http://www.reisystems.com,http://www.linkedin.com/company/rei-systems
"Request Technology, LLC",http://www.requesttechnology.com,http://www.linkedin.com/company/request-technology
ResourceXperts,http://www.resourcexperts.com,http://www.linkedin.com/company/resourcexperts
"Rezult Group, Inc",http://www.rezultgroup.com,http://www.linkedin.com/company/the-rezult-group
Rocket,http://www.rocketmortgage.com,http://www.linkedin.com/company/rocketmortgage
Royal Cyber,http://www.royalcyber.com,http://www.linkedin.com/company/royal-cyber-inc-
S4 Analytics,http://www.s4analytics.com,http://www.linkedin.com/company/s4analytics
Sahi Softtech,http://www.sahisofttech.com,http://www.linkedin.com/company/sahi-softtech-inc
Saligram Systems Inc,http://www.saligrams.com,http://www.linkedin.com/company/saligram-systems-inc
SanMar,http://www.sanmar.com,http://www.linkedin.com/company/sanmar
Scigon Solutions,http://www.scigon.com,http://www.linkedin.com/company/scigon
SelSoft Inc.,http://www.selsoftinc.com,http://www.linkedin.com/company/selsoft-inc.-
Sensiple Inc.,http://www.sensiple.com,http://www.linkedin.com/company/sensiple
SESC,http://www.sesc.org,http://www.linkedin.com/company/southeastern-surgical-congress
"ShorePoint, Inc",http://www.shorepointinc.com,http://www.linkedin.com/company/shorepointinc
Shrive Technologies LLC,http://www.shrivetechnologies.com,
SIAL TECHNOLOGY PARTNERS,http://www.sialtp.com,http://www.linkedin.com/company/sial-technology-partners
Sierra Digital Inc.,http://www.sierradigitalinc.com,http://www.linkedin.com/company/sierradigital
Signature Consultants,http://www.sigconsult.com,http://www.linkedin.com/company/signature-consultants
"Silver Xis, Inc.",http://www.silverxis.com,http://www.linkedin.com/company/silverxis-inc
Siri InfoSolutions Inc,http://www.siriinfo.com,http://www.linkedin.com/company/siriinfo
Sivisoft.Inc,http://www.sivisoft.inc,
Smart Source Technologies,http://www.smartsourcetec.com,http://www.linkedin.com/company/smart-source-technologies-inc
Smc3,http://www.smc3.com,http://www.linkedin.com/company/smc3
"Softcom, Inc.",http://www.softcominc.net,
Softcom Systems,http://www.softcomsystems.com,http://www.linkedin.com/company/softcomsystems-inc
"Softpath System, LLC",http://www.softpath.net,http://www.linkedin.com/company/softpath-system-llc
Solutions Point,http://www.solutionspoint.com,
Sparksoft,http://www.sparksoftcorp.com,http://www.linkedin.com/company/sparksoft-corporation
Spectraforce Technologies,http://www.spectraforce.com,http://www.linkedin.com/company/spectraforce
Spyglass Partners LLC,http://www.spyglasspartners.com,http://www.linkedin.com/company/spyglass-partners-llc
Sqa Concepts Inc,http://www.sqaconceptsinc.com,http://www.linkedin.com/company/sqa-concepts-inc
SRI Tech Solutions,http://www.sritechsolutions.com,http://www.linkedin.com/company/sri-tech-solutions-inc
StarTechs Inc.,http://www.startechsinc.com,http://www.linkedin.com/company/star-technology-solutions-inc
State Farm,http://www.statefarm.com,http://www.linkedin.com/company/state_farm
Stefanini,http://www.stefanini.com,http://www.linkedin.com/company/stefanini-brasil
Stellar IT Solutions,http://www.stellaritgroup.com,http://www.linkedin.com/company/stellaritsolutions
Systems Technology Group Inc. (STG),http://www.stgit.com,http://www.linkedin.com/company/systems-technology-group
Software Technology Inc.,http://www.stiorg.com,http://www.linkedin.com/company/software-technology-inc
Stratacent,http://www.stratacent.com,http://www.linkedin.com/company/stratacent
SumasEdge Corporation,http://www.sumascorp.com,http://www.linkedin.com/company/sumas-corporation-incc
"Svam International, Inc.",http://www.svam.com,http://www.linkedin.com/company/svam-international-inc
Swanktek,http://www.swanktek.com,http://www.linkedin.com/company/swanktek-inc
Synechron,http://www.synechron.com,http://www.linkedin.com/company/synechron
"Sysmind, LLC",http://www.sysmind.com,http://www.linkedin.com/company/sysmind-llc
"Systech Corp, Inc.",http://www.systechus.com,http://www.linkedin.com/company/systechcorp
Taurean Consulting,http://www.taureanconsulting.net,http://www.linkedin.com/company/taurean-consulting-group
Tech-Net Inc,http://www.tech-netinc.com,http://www.linkedin.com/company/tech-netinc
TECHNOCRAFT SOLUTIONS,http://www.technocraftsol.com,http://www.linkedin.com/company/technocraft-solutions
"Techpeople.US, Inc",http://www.techpeople.us,http://www.linkedin.com/company/techpeople-inc
Primetime Technologies Inc,http://www.techprimetime.com,http://www.linkedin.com/company/prime-time-consulting
"Tekaccel, Inc",http://www.tekaccel.com,
Tek Energy LLC.,http://www.tekenergyusa.com,http://www.linkedin.com/company/tekenergy-inc
TEKFORTUNE INC,http://www.tekfortune.com,http://www.linkedin.com/company/tekfortune
TekPartners,http://www.tekpartners.com,http://www.linkedin.com/company/tekpartners
TenTek,http://www.tentek.com,http://www.linkedin.com/company/tentek
TexcelVision Inc.,http://www.texcelvision.com,http://www.linkedin.com/company/texcelvision-inc.
The Hatch Group,http://www.thehatchgroup.net,http://www.linkedin.com/company/hatchgroupuk
The Midtown Group,http://www.themidtowngroup.com,http://www.linkedin.com/company/the-midtown-group
The Talent Mine,http://www.thetalentmine.jobs,http://www.linkedin.com/company/the-talent-mine
The Xela Group LLC,http://www.thexelagroup.com,http://www.linkedin.com/company/the-xela-group
IT Data Solutions,http://www.thinkitdata.com,http://www.linkedin.com/company/thinkitdata-solutions
CAE Technology,http://www.thisiscae.com,http://www.linkedin.com/company/thisiscae
TM Floyd & Company,http://www.tmfloyd.com,http://www.linkedin.com/company/tm-floyd-&-company
Torque Technologies LLC,http://www.torquetek.com,http://www.linkedin.com/company/torque-technologies-llc
Global Touchpoints Inc.,http://www.touchpointsinc.com,http://www.linkedin.com/company/global-touchpoints-inc.
TRIAD Group,http://www.triadgroup.com,http://www.linkedin.com/company/triad-group-inc
TriCom Technical Services,http://www.tricomts.com,http://www.linkedin.com/company/tricom-technical-services
"Turnberry Solutions, Inc",http://www.turnberrysolutions.com,http://www.linkedin.com/company/turnberrysolutions
United Global Technologies,http://www.ugtechnologies.com,http://www.linkedin.com/company/united-global-technologies
Urbane Systems LLC,http://www.urbanesystems.com,http://www.linkedin.com/company/urbane-systems-llc
Valourusa Inc.,http://www.valourusa.com,http://www.linkedin.com/company/valourusa
Vastek Group,http://www.vastekgroup.com,http://www.linkedin.com/company/vastek-group-inc-
VC5 Consulting,http://www.vc5consulting.com,http://www.linkedin.com/company/vc5consulting
"Vector Consulting, Inc",http://www.vectorconsulting.com,http://www.linkedin.com/company/vector-consulting
Vedainfo Inc.,http://www.vedainfo.com,http://www.linkedin.com/company/vedainfo-inc.
Veear,http://www.veearprojects.com,http://www.linkedin.com/company/veear-projects
Vertex Computer Systems,http://www.vertexcs.com,http://www.linkedin.com/company/vertex-computer-systems
VHL Technologies,http://www.vhltec.com,http://www.linkedin.com/company/vhl-technologies-inc
Vimerse InfoTech Inc,http://www.vimerseit.com,http://www.linkedin.com/company/vimerse-infotech-inc
Virtusa,http://www.virtusa.com,http://www.linkedin.com/company/virtusa
Virtusoft,http://www.virtusoft.us,http://www.linkedin.com/company/virtusoft-inc
VLink Inc,http://www.vlinkinfo.com,http://www.linkedin.com/company/vlink-inc
W3Global,http://www.w3global.com,http://www.linkedin.com/company/w3global
WB Solutions LLC,http://www.wbsolutions.com,http://www.linkedin.com/company/w-b-solutions-llc
Will-N-Able,http://www.willnable.com,
Wipro Ltd.,http://www.wipro.com,http://www.linkedin.com/company/wipro
World Wide Technology,http://www.wwt.com,http://www.linkedin.com/company/world-wide-technology
Xcelo Group Inc,http://www.xcelogroup.com,http://www.linkedin.com/company/xcelo-group-inc
XFORIA Inc,http://www.xforia.com,http://www.linkedin.com/company/xforiainc
XL-Data Corp,http://www.xl-data.com,http://www.linkedin.com/company/xl-data-corp
Xoriant Corporation,http://www.xoriant.com,http://www.linkedin.com/company/xoriant
Yash Technologies,http://www.yash.com,http://www.linkedin.com/company/yash-technologies
"York Solutions, LLC",http://www.yorksolutions.net,http://www.linkedin.com/company/york-solutions-llc
Youth Power Technosoft LLC.,http://www.yptechnosoft.com,
Zachary Piper Solutions,http://www.zacharypiper.com,http://www.linkedin.com/company/zachary-piper-solutions
Zaspar Technologies,http://www.zaspar.com,http://www.linkedin.com/company/zaspar-technologies
Zeektek,http://www.zeektek.com,http://www.linkedin.com/company/zeektek
Zentek global,http://www.zentekglobal.com,http://www.linkedin.com/company/zenglobal-inc
