Company,Website,Company Linkedin Url
Abjayon Inc.,http://www.abjayon.com,http://www.linkedin.com/company/abjayon
Accelya Group,http://www.accelya.com,http://www.linkedin.com/company/accelya
Actalent,http://www.actalentagency.com,http://www.linkedin.com/company/actalentservices
Addison Group,http://www.addisongroup.com,http://www.linkedin.com/company/addisongroup
ai Cloud Workforce,http://www.aicloudworkforce.com,http://www.linkedin.com/company/aicloudworkforce
Akima,http://www.akima.com,http://www.linkedin.com/company/akima
"Allied Consultants, Inc.",http://www.alliedconsultants.com,http://www.linkedin.com/company/allied-consultants-inc-
Allvue Systems,http://www.allvuesystems.com,http://www.linkedin.com/company/allvuesystems
ALTEN,http://www.alten.fr,http://www.linkedin.com/company/alten
Amazon,http://www.amazon.com,http://www.linkedin.com/company/amazon
American Fidelity,http://www.americanfidelity.com,http://www.linkedin.com/company/american-fidelity
AMN Healthcare,http://www.amnhealthcare.com,http://www.linkedin.com/company/amn-healthcare
Ampcus Inc,http://www.ampcus.com,http://www.linkedin.com/company/ampcus-inc
Amtex Systems Inc.,http://www.amtexsystems.com,http://www.linkedin.com/company/amtex-systems-inc
Analysts,http://www.analysts.com,http://www.linkedin.com/company/analysts
Apar Technologies,http://www.apartechnologies.com,http://www.linkedin.com/company/apar-technologies
Apex Systems,http://www.apexsystems.com,http://www.linkedin.com/company/apex-systems
APN Consulting Inc.,http://www.apnconsultinginc.com,http://www.linkedin.com/company/apn-consulting-inc.
"ArnAmy, Inc.",http://www.arnamy.com,http://www.linkedin.com/company/arnamy-inc.
Aspirent,http://www.aspirent.com,http://www.linkedin.com/company/aspirent
"Asta CRS, Inc.",http://www.astacrs.com,http://www.linkedin.com/company/asta-crs-inc.
Atinfo Technology Inc,http://www.atinfo.com,http://www.linkedin.com/company/atinfo-technology-inc
Atrilogy Solutions Group,http://www.atrilogy.com,http://www.linkedin.com/company/atrilogy-solutions-group
"Avco Consulting, Inc",http://www.avcoconsulting.com,http://www.linkedin.com/company/avco-consulting-inc
Babich & Associates,http://www.babich.com,http://www.linkedin.com/company/babich-&-associates
Alexander Technology Group,http://www.bankwstaffing.com,http://www.linkedin.com/company/bank-w-holdings-llc
Beacon Hill Staffing Group,http://www.beaconhillstaffing.com,http://www.linkedin.com/company/beacon-hill-staffing-group
Beacon Technologies Inc.,http://www.beacontechnologies.com,http://www.linkedin.com/company/beacon-technologies
Black Knight,http://www.blackknightinc.com,http://www.linkedin.com/company/blackknight
Boost Mobile,http://www.boostmobile.com,http://www.linkedin.com/company/boost-mobile
BravoTECH,http://www.bravotech.com,http://www.linkedin.com/company/bravotech
Brillient Corporation,http://www.brillient.net,http://www.linkedin.com/company/brillient-corporation
"The Brixton Group, Inc.",http://www.brixton.net,http://www.linkedin.com/company/the-brixton-group-inc.
Brooksource,http://www.brooksource.com,http://www.linkedin.com/company/brooksource
BTM Global,http://www.btmglobal.com,http://www.linkedin.com/company/btm-global
Capgemini,http://www.capgemini.com,http://www.linkedin.com/company/capgemini
CareerAddict,http://www.careeraddict.com,http://www.linkedin.com/company/career-addict
CareFirst BlueCross BlueShield,http://www.carefirst.com,http://www.linkedin.com/company/carefirst-bluecross-blueshield
CAS,http://www.cas.org,http://www.linkedin.com/company/cas
CereCore,http://www.cerecore.net,http://www.linkedin.com/company/cerecore-tech
CGI,http://www.cgi.com,http://www.linkedin.com/company/cgi
CGT Staffing,http://www.cgtstaffing.com,http://www.linkedin.com/company/cgt-staffing
"Creative Information Technology, Inc.",http://www.citi-us.com,http://www.linkedin.com/company/creative-information-techology-inc
Cloudflare,http://www.cloudflare.com,http://www.linkedin.com/company/cloudflare
CloudSaver,http://www.cloudsaver.com,http://www.linkedin.com/company/cloudsaver
Cognizant,http://www.cognizant.com,http://www.linkedin.com/company/cognizant
Cognosante,http://www.cognosante.com,http://www.linkedin.com/company/cognosante
Collabera Inc.,http://www.collabera.com,http://www.linkedin.com/company/collabera
"Columbia, SC",http://www.columbiasc.gov,http://www.linkedin.com/company/city-of-columbia-government
CompQsoft Inc,http://www.compqsoft.com,http://www.linkedin.com/company/compqsoft-inc
Compri Consulting,http://www.compri.com,http://www.linkedin.com/company/compri-consulting
Connection,http://www.connection.com,http://www.linkedin.com/company/connection-it
ConsultAdd Inc,http://www.consultadd.com,http://www.linkedin.com/company/consultadd-inc
Contech Systems Inc.,http://www.contech-it.com,http://www.linkedin.com/company/contech-systems-inc
Weill Cornell Medicine,http://www.cornell.edu,http://www.linkedin.com/company/weillcornellmedicine
CoStar Group,http://www.costargroup.com,http://www.linkedin.com/company/costar-group
CoverMyMeds,http://www.covermymeds.com,http://www.linkedin.com/company/covermymeds
Crossfire Consulting,http://www.crossfireconsulting.com,http://www.linkedin.com/company/crossfire-consulting
Crowdstaffing,http://www.crowdstaffing.com,http://www.linkedin.com/company/crowdstaffing
Crystal Equation Corporation,http://www.crystalequation.com,http://www.linkedin.com/company/crystal-equation-corporation
CSC,http://www.cscsw.com,http://www.linkedin.com/company/csc-serviceworks
"Cyberdata Technologies, Inc.",http://www.cyberdatainc.com,http://www.linkedin.com/company/cyberdata-technologies-inc
"DATA SOURCE, INC.",http://www.datasourceinc.com,http://www.linkedin.com/company/data-source-inc
Delaget,http://www.delaget.com,http://www.linkedin.com/company/delaget
"Denken Solutions, Inc",http://www.denkensolutions.com,http://www.linkedin.com/company/denkensolutions
DISYS,http://www.disys.com,http://www.linkedin.com/company/disys
"DIVERSANT, LLC",http://www.diversant.com,http://www.linkedin.com/company/diversant-llc
Diverse Lynx,http://www.diverselynx.com,http://www.linkedin.com/company/diverselynx
DLT Solutions,http://www.dlt.com,http://www.linkedin.com/company/dlt-solutions
"DMI (Digital Management, LLC)",http://www.dminc.com,http://www.linkedin.com/company/dmi-digital-management-inc-
"Domino Technologies, Inc.",http://www.dominotech.net,http://www.linkedin.com/company/domino-technologies-inc-
DXC Technology,http://www.dxc.com,http://www.linkedin.com/company/dxctechnology
EAB,http://www.eab.com,http://www.linkedin.com/company/eab_
ECS,http://www.ecslimited.com,http://www.linkedin.com/company/ecs-limited
Eliassen Group,http://www.eliassen.com,http://www.linkedin.com/company/eliassen-group
Ellianse LLC,http://www.ellianse.com,http://www.linkedin.com/company/ellianse-llc
Ellucian,http://www.ellucian.com,http://www.linkedin.com/company/ellucian
Sharpedge Solutions Inc,http://www.esharpedge.com,http://www.linkedin.com/company/sharpedgesolutions-in
ESPO Corporation,http://www.espocorp.com,http://www.linkedin.com/company/espo-engineering-corp-
eTeam,http://www.eteaminc.com,http://www.linkedin.com/company/eteam
EXL,http://www.exlservice.com,http://www.linkedin.com/company/exl-service
Expedia Group,http://www.expediagroup.com,http://www.linkedin.com/company/expedia
F2Onsite,http://www.f2onsite.com,http://www.linkedin.com/company/f2onsite
FastTek Global,http://www.fasttek.com,http://www.linkedin.com/company/fasttek
Feuji Inc,http://www.feuji.com,http://www.linkedin.com/company/feuji-inc
FinTech LLC,http://www.fintech.com,http://www.linkedin.com/company/fintech-net
"First Tek, Inc.",http://www.first-tek.com,http://www.linkedin.com/company/first-tek
First Tech Federal Credit Union,http://www.firsttechfed.com,http://www.linkedin.com/company/first-tech-federal-credit-union
FIS,http://www.fisglobal.com,http://www.linkedin.com/company/fis
Futran Solutions,http://www.futransolutions.com,http://www.linkedin.com/company/futran
Gainwell Technologies,http://www.gainwelltechnologies.com,http://www.linkedin.com/company/gainwell-technologies
GDH,http://www.gdhconsulting.com,http://www.linkedin.com/company/gdh-consultancy-limited
General Dynamics Information Technology,http://www.gdit.com,http://www.linkedin.com/company/gdit
Genesis10,http://www.genesis10.com,http://www.linkedin.com/company/genesis10
"Georgia IT, Inc.",http://www.georgiainfotech.com,
GES - Global Experience Specialists,http://www.ges.com,http://www.linkedin.com/company/gesglobal
"Integrated Data Services, Inc.",http://www.get-integrated.com,http://www.linkedin.com/company/integrated-data-services-inc-
Globant,http://www.globant.com,http://www.linkedin.com/company/globant
Greenphire,http://www.greenphire.com,http://www.linkedin.com/company/greenphire
Greycell Labs Inc,http://www.greylabs.com,http://www.linkedin.com/company/greycellinc
GSK Solutions Inc.,http://www.gsksolutions.com,http://www.linkedin.com/company/gsk-solutions-inc
Global Technical Talent,http://www.gttit.com,http://www.linkedin.com/company/global-technical-talent
"CVO Holding Company, LLC",http://www.h1bdata.info,http://www.linkedin.com/company/nextgen-solutions-inc
HCL Technologies,http://www.hcltech.com,http://www.linkedin.com/company/hcl-technologies
"Hire IT People, Inc",http://www.hireitpeople.com,http://www.linkedin.com/company/hireitpeople
HireTalent - Diversity Staffing & Recruiting Firm,http://www.hiretalent.com,http://www.linkedin.com/company/hiretalent_
Hitachi Vantara,http://www.hitachivantara.com,http://www.linkedin.com/company/hitachi-vantara
HSK Technologies Inc,http://www.hsktechnologies.net,http://www.linkedin.com/company/hsk-technologies
Ciber Global,http://www.htcinc.com,http://www.linkedin.com/company/ciber
Integrated Computer Solutions. Inc. (ICS),http://www.ics.com,http://www.linkedin.com/company/integrated-computer-solutions-inc.
IDEMIA,http://www.idemia.com,http://www.linkedin.com/company/idemiagroup
IF THEN,http://www.ifthenshecan.org,
Ikon Technologies,http://www.ikontechnologies.com,http://www.linkedin.com/company/ikontechnologies
Infinity Consulting Solutions,http://www.infinity-cs.com,http://www.linkedin.com/company/infinity-consulting-solutions
Initech Global,http://www.initechglobal.com,http://www.linkedin.com/company/initech-global
Integrity Resource Management,http://www.integrityresourcemanagement.com,http://www.linkedin.com/company/integrity-resource-management
"Intelliswift Software, Inc.",http://www.intelliswift.com,http://www.linkedin.com/company/intelliswift
IntePros,http://www.intepros.com,http://www.linkedin.com/company/intepros
ION,http://www.ionaudio.com,http://www.linkedin.com/company/ion-audio-llc
ION,http://www.iongroup.com,http://www.linkedin.com/company/iongroup
"IPC Systems, Inc.",http://www.ipc.com,http://www.linkedin.com/company/ipc-systems-inc-
"iQuasar, LLC",http://www.iquasar.com,http://www.linkedin.com/company/iquasar-llc
Job Juncture,http://www.jobjuncture.com,http://www.linkedin.com/company/job-juncture
The Judge Group,http://www.judge.com,http://www.linkedin.com/company/the-judge-group
"Kansas City, MO",http://www.kcmo.gov,http://www.linkedin.com/company/city-of-kansas-city-mo
Key Logic,http://www.keylogic.com,http://www.linkedin.com/company/keylogic-systems
Kolter Solutions,http://www.koltersolutions.com,http://www.linkedin.com/company/kolter-solutions
Koniag Government Services,http://www.koniag-gs.com,http://www.linkedin.com/company/koniag-government-services
Krea Technology Inc.,http://www.krea-tech.com,http://www.linkedin.com/company/kreatechnologyllc
"LanceSoft, Inc.",http://www.lancesoft.com,http://www.linkedin.com/company/lancesoft
LeaseTrack,http://www.leasetrack.ai,http://www.linkedin.com/company/leasetrack
"Liberty Personnel Services, Inc.",http://www.libertyjobs.com,http://www.linkedin.com/company/liberty-personnel-services-inc
Logical Paradigm,http://www.logicalparadigm.com,http://www.linkedin.com/company/logical-paradigm
Luxoft,http://www.luxoft.com,http://www.linkedin.com/company/luxoft
Maantic Inc,http://www.maantic.com,http://www.linkedin.com/company/maantic-inc
Maddisoft,http://www.maddisoft.com,http://www.linkedin.com/company/maddisoft
ManTech,http://www.mantech.com,http://www.linkedin.com/company/mantech
Mastech Digital,http://www.mastechdigital.com,http://www.linkedin.com/company/mastech
Merck,http://www.merck.com,http://www.linkedin.com/company/merck
"Metasys Technologies, Inc.",http://www.metasysinc.com,http://www.linkedin.com/company/metasys-technologies-inc-
Micasa Global,http://www.micasaglobal.com,http://www.linkedin.com/company/micasa-global
Miles Technologies,http://www.milestechnologies.com,http://www.linkedin.com/company/miles-technologies
Mindtree,http://www.mindtree.com,http://www.linkedin.com/company/mindtreeltd
"Miracle Software Systems, Inc",http://www.miraclesoft.com,http://www.linkedin.com/company/miraclesoft
MissionStaff,http://www.missionstaff.com,http://www.linkedin.com/company/missionstaff
Morton,http://www.mortons.com,http://www.linkedin.com/company/morton's-the-steakhouse
Moser Consulting,http://www.moserit.com,http://www.linkedin.com/company/moser-consulting
MSys Inc.,http://www.msysinc.com,http://www.linkedin.com/company/msys-inc-
Millennium Trust Company,http://www.mtrustcompany.com,http://www.linkedin.com/company/millennium-trust-company
My3Tech,http://www.my3tech.com,http://www.linkedin.com/company/my3tech-inc
Cervello,http://www.mycervello.com,http://www.linkedin.com/company/cervello
Nabors Industries,http://www.nabors.com,http://www.linkedin.com/company/nabors-industries
Natsoft,http://www.natsoft.us,http://www.linkedin.com/company/natsoft
"Navitas Partners, LLC",http://www.navitas-partners.com,
Norwegian Cruise Line Holdings Ltd.,http://www.nclhltdinvestor.com,http://www.linkedin.com/company/norwegian-cruise-line-holdings
Net at Work Inc.,http://www.netatwork.com,http://www.linkedin.com/company/network
NexTech Solutions,http://www.nextechsol.com,http://www.linkedin.com/company/nextech-solutions-llc
nLeague Services Inc.,http://www.nleague.com,http://www.linkedin.com/company/nleagueservices
NR Consulting,http://www.nrconsultingservice.com,http://www.linkedin.com/company/nrconsultingllc
NTT DATA Services,http://www.nttdata.com,http://www.linkedin.com/company/ntt-data-americas
Nutanix,http://www.nutanix.com,http://www.linkedin.com/company/nutanix
"NVR, Inc.",http://www.nvrinc.com,http://www.linkedin.com/company/nvr-inc-
Octo,http://www.octoconsulting.com,http://www.linkedin.com/company/octo-consulting-group
Omm IT Solutions,http://www.ommincorp.com,http://www.linkedin.com/company/omm-it-solutions
Omnicell,http://www.omnicell.com,http://www.linkedin.com/company/omnicell
Optomi,http://www.optomi.com,http://www.linkedin.com/company/optomi
Orion Innovation,http://www.orioninc.com,http://www.linkedin.com/company/orioninnovation
"OST, Inc.",http://www.ostglobal.com,http://www.linkedin.com/company/ostglobal
Paradyme Management Inc.,http://www.paradymemanagement.com,http://www.linkedin.com/company/paradyme
Parsons Corporation,http://www.parsons.com,http://www.linkedin.com/company/parsons
PAR Technology,http://www.partech.com,http://www.linkedin.com/company/partechnology
"Partner's Consulting, Inc.",http://www.partners-consulting.com,http://www.linkedin.com/company/partner's-consulting-inc-
Patel Consultants Corporation,http://www.patelcorp.com,http://www.linkedin.com/company/patel-consultants
Pax8,http://www.pax8.com,http://www.linkedin.com/company/pax8
PeopleReady,http://www.peopleready.com,http://www.linkedin.com/company/peopleready
Perficient,http://www.perficient.com,http://www.linkedin.com/company/perficient
Peritus Inc,http://www.peritussoft.com,http://www.linkedin.com/company/peritus-software-services
City of Philadelphia,http://www.phila.gov,http://www.linkedin.com/company/city-of-philadelphia
"Pinnacle Group, Inc.",http://www.pinnacle1.com,http://www.linkedin.com/company/pinnacle-technical-resources
Priceline,http://www.priceline.com,http://www.linkedin.com/company/priceline-com
PriceSenz,http://www.pricesenz.com,http://www.linkedin.com/company/pricesenz
Procom,http://www.procomservices.com,http://www.linkedin.com/company/procom
"Professional Solutions, LLC",http://www.prosol1.com,http://www.linkedin.com/company/prosol-gestion-sa
"PSI INTERNATIONAL, Inc.",http://www.psiint.com,http://www.linkedin.com/company/psi-international-inc-
"PUFF, Inc",http://www.puffinc.com,http://www.linkedin.com/company/puff-inc
"Pyramid Consulting, Inc",http://www.pyramidci.com,http://www.linkedin.com/company/pyramid-consulting
"Quadax, Inc.",http://www.quadax.com,http://www.linkedin.com/company/quadax-inc-
Queen Consulting Group,http://www.queencg.com,http://www.linkedin.com/company/queen-consulting-group
RCM Technologies,http://www.rcmhealthcare.com,http://www.linkedin.com/company/rcm-health-care-services
Refulgent Technologies LLC.,http://www.refulgent-tech.com,http://www.linkedin.com/company/refulgent-technologies-inc
RICEFW Technologies Inc,http://www.ricefwtech.com,http://www.linkedin.com/company/ricefw-technologies-inc
Rigil,http://www.rigil.com,http://www.linkedin.com/company/rigil-corporation
RSC Solutions,http://www.rscsolutions.com,http://www.linkedin.com/company/rsc-solutions
Sagitec Solutions,http://www.sagitec.com,http://www.linkedin.com/company/sagitec-solutions-llc
SAIC,http://www.saic.com,http://www.linkedin.com/company/saicinc
Sandhills Global,http://www.sandhills.com,http://www.linkedin.com/company/sandhillsglobal
Savantis Solutions LLC,http://www.savantis.com,http://www.linkedin.com/company/savantis-solutions-llc
SCIENTIFIC GAMES,http://www.scientificgames.com,http://www.linkedin.com/company/scientific-games
Strategic Data Systems,http://www.sdatasystems.com,http://www.linkedin.com/company/strategic-data-systems-san-diego-
SecurityMetrics,http://www.securitymetrics.com,http://www.linkedin.com/company/securitymetrics
Sherpa,http://www.sherpallc.com,http://www.linkedin.com/company/sherpa
SHI International Corp.,http://www.shi.com,http://www.linkedin.com/company/shi-international-corp-
Shift Digital,http://www.shiftdigital.com,http://www.linkedin.com/company/shift-digital
Sierra Business Solution,http://www.sierrasoln.com,http://www.linkedin.com/company/sierrabusiness
Skiltrek,http://www.skiltrek.com,http://www.linkedin.com/company/skiltrek
Sumitomo Mitsui Banking Corporation,http://www.smbcgroup.com,http://www.linkedin.com/company/sumitomo-mitsui-banking-corporation
"Synectics for Management Decisions, Inc",http://www.smdi.com,http://www.linkedin.com/company/synectics-for-management-decisions-inc
Softec Solutions,http://www.softecinc.com,http://www.linkedin.com/company/softec-solutions
SpiceOrb,http://www.spiceorb.com,http://www.linkedin.com/company/spiceorb
"The Squires Group, Inc.",http://www.squiresgroup.com,http://www.linkedin.com/company/the-squires-group
Staffigo,http://www.staffigo.com,http://www.linkedin.com/company/staffigo
STAND 8 Technology Services,http://www.stand8.io,http://www.linkedin.com/company/westand8
"Stellar Consulting Solutions, LLC",http://www.stellarconsulting.com,http://www.linkedin.com/company/stellar-consulting-solutions
UST,http://www.stthomas.edu,http://www.linkedin.com/company/universityofstthomas
Sumeru Solutions,http://www.sumerusolutions.com,http://www.linkedin.com/company/sumeru-solutions
"Sunrise Systems, Inc.",http://www.sunrisesys.com,http://www.linkedin.com/company/sunrise-systems-inc
SVAM International Inc.,http://www.svam.com,http://www.linkedin.com/company/svam-international-inc
Syzygy Integration,http://www.syzygyintegration.com,http://www.linkedin.com/company/syzygyintegration
TALENT Software Services,http://www.talentstaffingservices.com,http://www.linkedin.com/company/talent-software-services
Tata Consultancy Services,http://www.tcs.com,http://www.linkedin.com/company/tata-consultancy-services
TechDoQuest,http://www.techdoquest.com,http://www.linkedin.com/company/techdoquest
TechTammina LLC,http://www.techtammina.com,http://www.linkedin.com/company/techtamminallc
TEKFORTUNE INC,http://www.tekfortune.com,http://www.linkedin.com/company/tekfortune
TekisHub Consulting Services,http://www.tekishub.com,http://www.linkedin.com/company/tekishubconsultingservice
TEQLINX,http://www.teqlinx.com,http://www.linkedin.com/company/teqlinx
"The Dignify Solutions, LLC",http://www.thedignify.com,http://www.linkedin.com/company/dignify-solutions
Toastmasters International,http://www.toastmasters.org,http://www.linkedin.com/company/toastmasters-international
"TRC Companies, Inc.",http://www.trccompanies.com,http://www.linkedin.com/company/trc-companies-inc
"TreCom Systems Group, Inc.",http://www.trecomsystems.com,http://www.linkedin.com/company/trecom-systems-group-inc
Trissential,http://www.trissential.com,http://www.linkedin.com/company/trissential
"Triumph Bancorp, Inc.",http://www.triumphbancorp.com,http://www.linkedin.com/company/triumph-bancorp-inc
TruePoint Solutions,http://www.truepointsolutions.com,http://www.linkedin.com/company/truepoint-solutions
"TrustMinds, Inc.",http://www.trustminds.com,http://www.linkedin.com/company/trustminds-inc.
Two Six Technologies,http://www.twosixtech.com,http://www.linkedin.com/company/twosixtechnologies
US Signal,http://www.ussignal.com,http://www.linkedin.com/company/us-signal
UST,http://www.ust.com,http://www.linkedin.com/company/ustglobal
Vaco,http://www.vaco.com,http://www.linkedin.com/company/vaco
Vantive Inc.,http://www.vantiveinc.com,http://www.linkedin.com/company/vantive
Vegatron Systems,http://www.vegatronsystems.com,http://www.linkedin.com/company/vegatron-systems-llc
University of Virginia,http://www.virginia.edu,http://www.linkedin.com/company/university-of-virginia
"Raleigh, NC",http://www.visitraleigh.com,http://www.linkedin.com/company/grcvb
Vivint,http://www.vivint.com,http://www.linkedin.com/company/vivint
VLink Inc,http://www.vlinkinfo.com,http://www.linkedin.com/company/vlink-inc
Volt,http://www.volt.com,http://www.linkedin.com/company/volt
VisionSoft International Inc,http://www.vsiiusa.com,http://www.linkedin.com/company/visionsoft-international-inc
"V-Soft Consulting Group, Inc.",http://www.vsoftconsulting.com,http://www.linkedin.com/company/vsoftconsulting
Web Synergies (S) Pte Ltd,http://www.websynergies.com,http://www.linkedin.com/company/web-synergies
WideNet Consulting Group,http://www.widenet-consulting.com,http://www.linkedin.com/company/widenet-consulting-group
Wise Skulls,http://www.wiseskulls.com,http://www.linkedin.com/company/wiseskulls
World Wide Technology,http://www.wwt.com,http://www.linkedin.com/company/world-wide-technology
Xerox,http://www.xerox.com,http://www.linkedin.com/company/xerox
Zelis,http://www.zelis.com,http://www.linkedin.com/company/zelis
Zion Cloud Solutions,http://www.zionclouds.com,http://www.linkedin.com/company/zion-cloud-solutions
