Company,Website,Company Linkedin Url
1010data,http://www.1010data.com,http://www.linkedin.com/company/1010data
AbleTo Inc.,http://www.ableto.com,http://www.linkedin.com/company/ableto
ACAMS,http://www.acams.org,http://www.linkedin.com/company/acams
Acoustic,http://www.acoustic.com,http://www.linkedin.com/company/goacoustic
Acronym,http://www.acrnm.com,
Actalent,http://www.actalentagency.com,http://www.linkedin.com/company/actalentservices
Activeloop,http://www.activeloop.ai,http://www.linkedin.com/company/activeloop
Acuant,http://www.acuant.com,http://www.linkedin.com/company/acuant
ACV Auctions,http://www.acvauctions.com,http://www.linkedin.com/company/acv-auctions
Adaptive Biotechnologies Corp.,http://www.adaptivebiotech.com,http://www.linkedin.com/company/adaptive-biotechnologies-corp-
Advanced Clinical,http://www.advancedclinical.com,http://www.linkedin.com/company/advanced-clinical
Advantage Resourcing,http://www.advantageresourcing.com,http://www.linkedin.com/company/advantage
"Advantage Solutions: Sales, Marketing, Technology",http://www.advantagesolutions.net,http://www.linkedin.com/company/advantage-solutions-sales-marketing-technology
AdventHealth,http://www.adventhealth.com,http://www.linkedin.com/company/adventhealth
AE Studio,http://www.ae.studio,http://www.linkedin.com/company/agency-enterprise-studio
Aerotek,http://www.aerotek.com,http://www.linkedin.com/company/aerotek
AUTOKINITON,http://www.agglp.com,
Ahlstrom-Munksjö,http://www.ahlstrom-munksjo.com,http://www.linkedin.com/company/ahlstrom-munksjo
Alliance Laundry Systems LLC,http://www.alliancelaundry.com,http://www.linkedin.com/company/alliance-laundry-systems
AlphaPoint,http://www.alphapoint.com,http://www.linkedin.com/company/alpha-point
AlphaSights,http://www.alphasights.com,http://www.linkedin.com/company/alphasights
Alto,http://www.alto.com,http://www.linkedin.com/company/altopharmacy
Altruista Health,http://www.altruistahealth.com,http://www.linkedin.com/company/altruista-health
ALTTRAX,http://www.alttrax.com,http://www.linkedin.com/company/alttrax
AMBE Engineering LLC,http://www.ambeeng.com,http://www.linkedin.com/company/ambe-engineering-llc
Amerit Consulting,http://www.ameritconsulting.com,http://www.linkedin.com/company/amerit-consulting
AM LLC,http://www.amllc.co,http://www.linkedin.com/company/am-llc
Amplify,http://www.amplify.com,http://www.linkedin.com/company/amplifyinc
Amyris,http://www.amyris.com,http://www.linkedin.com/company/amyris-inc
Apex Systems,http://www.apexsystems.com,http://www.linkedin.com/company/apex-systems
Appcues,http://www.appcues.com,http://www.linkedin.com/company/appcues
Applause,http://www.applause.com,http://www.linkedin.com/company/applause
Archer IT,http://www.archerits.com,http://www.linkedin.com/company/archer-it
ArcTouch,http://www.arctouch.com,http://www.linkedin.com/company/arctouch
ASAPP,http://www.asapp.com,http://www.linkedin.com/company/asappco
Ascend Software,http://www.ascendsoftware.com,http://www.linkedin.com/company/ascend-software
The Ascent Services Group,http://www.ascentsg.com,http://www.linkedin.com/company/ascentservicesgroup
ASK Consulting,http://www.askconsultingnyc.com,http://www.linkedin.com/company/ask-consulting-
Athletic Brewing Co.,http://www.athleticbrewing.com,http://www.linkedin.com/company/athletic-brewing-company-llc
Atria Senior Living,http://www.atriaseniorliving.com,http://www.linkedin.com/company/atria-senior-living
Atrilogy Solutions Group,http://www.atrilogy.com,http://www.linkedin.com/company/atrilogy-solutions-group
AutoFi,http://www.autofi.com,http://www.linkedin.com/company/autofi
Avant Technologies,http://www.avanttechnology.com,http://www.linkedin.com/company/avant-technology
Avetta,http://www.avetta.com,http://www.linkedin.com/company/avetta
Aviacode,http://www.aviacode.com,http://www.linkedin.com/company/aviacode
AvistaTech,http://www.avistamembranesolutions.com,http://www.linkedin.com/company/avista-tecnolgoies-inc.
Avtech Solutions Inc,http://www.avtechsol.com,http://www.linkedin.com/company/avtech-solutions-inc
Avtex Solutions,http://www.avtex.com,http://www.linkedin.com/company/avtex-solutions
Axelon Services Corporation,http://www.axelon.com,http://www.linkedin.com/company/axelon-services-corp.
Azzur Group,http://www.azzur.com,http://www.linkedin.com/company/azzur-group
Baker Tilly US,http://www.bakertilly.com,http://www.linkedin.com/company/bakertillyus
Bally's Interactive,http://www.ballys.com,http://www.linkedin.com/company/ballysinteractive
Bastian Solutions,http://www.bastiansolutions.com,http://www.linkedin.com/company/bastian-solutions
BeiGene,http://www.beigene.com,http://www.linkedin.com/company/beigene
"Berry Global, Inc.",http://www.berryglobal.com,http://www.linkedin.com/company/berryglobal
Best Buy,http://www.bestbuy.com,http://www.linkedin.com/company/best-buy
Bestinfo Systems LLC,http://www.bestinfo.systems,
Beyond Finance,http://www.beyondfinance.com,http://www.linkedin.com/company/beyond-finance
BeyondTrust,http://www.beyondtrust.com,http://www.linkedin.com/company/beyondtrust
Billtrust,http://www.billtrust.com,http://www.linkedin.com/company/billtrust
Binance.US,http://www.binance.us,http://www.linkedin.com/company/binance-us
"BioCryst Pharmaceuticals, Inc.",http://www.biocryst.com,http://www.linkedin.com/company/biocryst-pharmaceuticals
BioSpace,http://www.biospace.com,http://www.linkedin.com/company/biospaceinc
Biossance,http://www.biossance.com,http://www.linkedin.com/company/biossance
Bird,http://www.bird.co,http://www.linkedin.com/company/birdapp
Bitly,http://www.bitly.com,http://www.linkedin.com/company/bitly
Bittrex,http://www.bittrex.com,http://www.linkedin.com/company/bittrexglobal
IT First Source,http://www.bldroregon.com,http://www.linkedin.com/company/it-first-source
Blend,http://www.blend.com,http://www.linkedin.com/company/blend-
Blockdaemon,http://www.blockdaemon.com,http://www.linkedin.com/company/blockdaemon
Blue Sky eLearn,http://www.blueskyelearn.com,http://www.linkedin.com/company/blue-sky-elearn
"BluMine Health, LLC",http://www.bluminehealth.com,http://www.linkedin.com/company/blumine-health
Boomi,http://www.boomi.com,http://www.linkedin.com/company/boomi-inc
Booz Allen Hamilton,http://www.boozallen.com,http://www.linkedin.com/company/booz-allen-hamilton
Federal Reserve Bank of Boston,http://www.bostonfed.org,http://www.linkedin.com/company/federal-reserve-bank-of-boston
Boundless Immigration,http://www.boundless.com,http://www.linkedin.com/company/boundless-immigration
Bright Horizons,http://www.brighthorizons.com,http://www.linkedin.com/company/bright-horizons
BrightSpring Health Services,http://www.brightspringhealth.com,http://www.linkedin.com/company/brightspringhealth
Brilliant Infotech Inc.,http://www.brilliantinfotech.com,http://www.linkedin.com/company/brilliant-infotech-inc.
"The Brixton Group, Inc.",http://www.brixton.net,http://www.linkedin.com/company/the-brixton-group-inc.
Brooksource,http://www.brooksource.com,http://www.linkedin.com/company/brooksource
BrowserStack,http://www.browserstack.com,http://www.linkedin.com/company/browserstack
Bullhorn,http://www.bullhorn.com,http://www.linkedin.com/company/bullhorn
"Butterfly Network, Inc.",http://www.butterflynetwork.com,http://www.linkedin.com/company/butterflynetwork
Buyers Edge Platform,http://www.buyersedgeplatform.com,http://www.linkedin.com/company/buyers-edge-platform
CAI,http://www.caionline.org,http://www.linkedin.com/company/caisocial
Campaigner,http://www.campaigner.com,http://www.linkedin.com/company/campaigner1
"CAMP Systems International, Inc.",http://www.campsystems.com,http://www.linkedin.com/company/camp-systems-international
Capgemini Engineering,http://www.capgemini-engineering.com,http://www.linkedin.com/company/capgemini-engineering
Capstone Technology,http://www.capstonetechnology.com,http://www.linkedin.com/company/capstone-technology
Capsule,http://www.capsulecrm.com,http://www.linkedin.com/company/capsulecrm
Captiv8,http://www.captiv8.io,http://www.linkedin.com/company/captiv8
"Cardinal Financial Company, Limited Partnership",http://www.cardinalfinancial.com,http://www.linkedin.com/company/cardinalfinancial
Care Access,http://www.careaccess.com,http://www.linkedin.com/company/careaccess
CareSource,http://www.caresource.com,http://www.linkedin.com/company/caresource
"Catalyst Consulting Group, Inc.",http://www.catconsult.com,http://www.linkedin.com/company/catconsult
Cbl solution,http://www.cblsolutions.com,http://www.linkedin.com/company/cblsolutions
CBRE,http://www.cbre.com,http://www.linkedin.com/company/cbre
Census,http://www.census.gov,http://www.linkedin.com/company/us-census-bureau
Chainlink Labs,http://www.chain.link,http://www.linkedin.com/company/chainlinknetwork
Ciox Health,http://www.cioxhealth.com,http://www.linkedin.com/company/cioxhealth
Cisco Meraki,http://www.cisco.com,http://www.linkedin.com/company/cisco
Cisive,http://www.cisive.com,http://www.linkedin.com/company/cisivescreening
ClearanceJobs,http://www.clearancejobs.com,http://www.linkedin.com/company/clearancejobs.com
Cleerly,http://www.cleerlyhealth.com,http://www.linkedin.com/company/cleerlyhealth
ClinicalMind,http://www.clinicalmind.com,http://www.linkedin.com/company/clinicalmind-llc
CNO Financial Group,http://www.cnoinc.com,http://www.linkedin.com/company/cno-financial-group
Cohesive Technologies LLC.,http://www.cohetech.com,http://www.linkedin.com/company/cohesive-technologies-llc-
Collectors,http://www.collectors.com,http://www.linkedin.com/company/collectors-holdings
CommentSold,http://www.commentsold.com,http://www.linkedin.com/company/commentsold
Community Brands,http://www.communitybrands.com,http://www.linkedin.com/company/communitybrands
ConnectWise,http://www.connectwise.com,http://www.linkedin.com/company/connectwise
Consilio LLC,http://www.consilio.com,http://www.linkedin.com/company/consilio-llc
Constant Contact,http://www.constantcontact.com,http://www.linkedin.com/company/constant-contact
ConverseNow.AI,http://www.conversenow.ai,http://www.linkedin.com/company/conversenowai
Cooper Standard,http://www.cooperstandard.com,http://www.linkedin.com/company/cooper-standard-automotive
Cotiviti,http://www.cotiviti.com,http://www.linkedin.com/company/cotiviti
Covetrus,http://www.covetrus.com,http://www.linkedin.com/company/covetrus
CRB Workforce,http://www.crbworkforce.com,http://www.linkedin.com/company/crbworkforce
Credible,http://www.credible.com,http://www.linkedin.com/company/crediblelabs
Credible Behavioral Health Software,http://www.credibleinc.com,http://www.linkedin.com/company/credible
Cro Metrics,http://www.crometrics.com,http://www.linkedin.com/company/crometrics
Cross River,http://www.crossriver.com,http://www.linkedin.com/company/cross-river-bank
CROWN WORLD,http://www.crownworlddental.com,http://www.linkedin.com/company/crown-world-dental-lab
Crox Rpo,http://www.croxrpo.com,
Curation Health,http://www.curatehealth.me,http://www.linkedin.com/company/curatehealth
CVS Health,http://www.cvshealth.com,http://www.linkedin.com/company/cvs-health
Cyxtera Technologies,http://www.cyxtera.com,http://www.linkedin.com/company/cyxtera
Dakota Software,http://www.dakotasoft.com,http://www.linkedin.com/company/dakotasoft
data.ai,http://www.data.ai,http://www.linkedin.com/company/dataai
Dataminr,http://www.dataminr.com,http://www.linkedin.com/company/dataminr
"Datto, Inc.",http://www.datto.com,http://www.linkedin.com/company/datto-inc
Delinea,http://www.delinea.nl,http://www.linkedin.com/company/delinea-b-v-
Delphix,http://www.delphix.com,http://www.linkedin.com/company/delphix
Delta Dental Ins.,http://www.deltadentalins.com,http://www.linkedin.com/company/delta-dental
Demandbase,http://www.demandbase.com,http://www.linkedin.com/company/demandbase
Descartes Systems Group,http://www.descartes.com,http://www.linkedin.com/company/descartes-systems-group
Dice,http://www.dice.com,http://www.linkedin.com/company/dice
Digipulse Technologies Inc.,http://www.digipulsetech.com,http://www.linkedin.com/company/digipulse-technologies-inc-
Yalo,http://www.digitalyalo.com,http://www.linkedin.com/company/digital-yalo
Diverse Lynx,http://www.diverselynx.com,http://www.linkedin.com/company/diverselynx
Divisions Maintenance Group,http://www.divisionsmg.com,http://www.linkedin.com/company/divisions-maintenance-group
Discovery Life Sciences,http://www.dls.com,http://www.linkedin.com/company/discoverylifesciences
"DMI (Digital Management, LLC)",http://www.dminc.com,http://www.linkedin.com/company/dmi-digital-management-inc-
DocuSign,http://www.docusign.com,http://www.linkedin.com/company/docusign
Dominion Enterprises,http://www.dominionenterprises.com,http://www.linkedin.com/company/dominion-enterprises
Domino Data Lab,http://www.dominodatalab.com,http://www.linkedin.com/company/domino-data-lab
"DRB Systems, LLC",http://www.drb.com,http://www.linkedin.com/company/tunneldrb
DreamBox Learning,http://www.dreambox.com,http://www.linkedin.com/company/dreambox-learning
DTN,http://www.dtn.com,http://www.linkedin.com/company/dtnllc
EAB,http://www.eab.com,http://www.linkedin.com/company/eab_
Earnest,http://www.earnest.com,http://www.linkedin.com/company/earnest-llc
eBlu Solutions,http://www.eblusolutions.com,http://www.linkedin.com/company/eblu-solutions-llc
Burgess,http://www.eburgess.com,http://www.linkedin.com/company/burgess-seed-&-plant-company-inc.
Edgewise Therapeutics,http://www.edgewisetx.com,http://www.linkedin.com/company/edgewisetx
EITACIES INC,http://www.eitacies.com,http://www.linkedin.com/company/eitacies-inc
Elevar Therapeutics,http://www.elevartherapeutics.com,http://www.linkedin.com/company/elevartherapeutics
Eliassen Group,http://www.eliassen.com,http://www.linkedin.com/company/eliassen-group
Emburse,http://www.emburse.com,http://www.linkedin.com/company/emburse
Emerson,http://www.emerson.edu,http://www.linkedin.com/company/163609
Empower,http://www.empower.com,http://www.linkedin.com/company/empowertoday
Epiq,http://www.epiqglobal.com,http://www.linkedin.com/company/epiqglobal
Equitable,http://www.equitable.com,http://www.linkedin.com/company/equitable-financial
ETS,http://www.ets.org,http://www.linkedin.com/company/the-toefl-r-test
ettain group,http://www.ettaingroup.com,http://www.linkedin.com/company/ettain-group
Everbridge,http://www.everbridge.com,http://www.linkedin.com/company/everbridge
Evernote,http://www.evernote.com,http://www.linkedin.com/company/evernote
EVgo,http://www.evgo.com,http://www.linkedin.com/company/evgo
Evidera,http://www.evidera.com,http://www.linkedin.com/company/evidera
Evolent Health,http://www.evolenthealth.com,http://www.linkedin.com/company/evolent-health
FCB Health,http://www.fcbhealthny.com,http://www.linkedin.com/company/fcb-health
Ferguson Enterprises,http://www.ferguson.com,http://www.linkedin.com/company/ferguson-enterprises
F&G,http://www.fglife.com,http://www.linkedin.com/company/f-&-g
Fidelity Investments,http://www.fidelity.com,http://www.linkedin.com/company/fidelity-investments
Finite State,http://www.finitestate.io,http://www.linkedin.com/company/finitestate
Fleetio,http://www.fleetio.com,http://www.linkedin.com/company/fleetio
Flexhire,http://www.flexhire.com,http://www.linkedin.com/company/flexhire-llc
FoodChain ID,http://www.foodchainid.com,http://www.linkedin.com/company/foodchainid
Forcepoint,http://www.forcepoint.com,http://www.linkedin.com/company/forcepoint
Forterra,http://www.forterra.org,http://www.linkedin.com/company/forterra
Fortna,http://www.fortna.com,http://www.linkedin.com/company/fortna
Four Roses Distillery,http://www.fourrosesbourbon.com,http://www.linkedin.com/company/four-roses-distillery
Friedman LLP,http://www.friedmanllp.com,http://www.linkedin.com/company/friedman-llp
"Frontdoor, Inc.",http://www.frontdoorhome.com,http://www.linkedin.com/company/frontdoor-inc
Fusion Risk Management,http://www.fusionrm.com,http://www.linkedin.com/company/fusion-risk-management
"Ganaz, Inc.",http://www.ganaz.com,http://www.linkedin.com/company/ganaz
Garden of Life,http://www.gardenoflife.com,http://www.linkedin.com/company/garden-of-life
GCS Recruitment Specialists,http://www.gcsrecruitment.com,http://www.linkedin.com/company/gcs-recruitment-specialists
General Dynamics Information Technology,http://www.gdit.com,http://www.linkedin.com/company/gdit
Gemini,http://www.gemini.com,http://www.linkedin.com/company/geminitrust
"Geographic Solutions, Inc.",http://www.geographicsolutions.com,http://www.linkedin.com/company/geographic-solutions
Carrot Fertility,http://www.get-carrot.com,http://www.linkedin.com/company/get-carrot
Sapphire Digital,http://www.getsapphire.com,http://www.linkedin.com/company/sapphire-digital
"Ginkgo Bioworks, Inc.",http://www.ginkgobioworks.com,http://www.linkedin.com/company/ginkgo-bioworks
Accelerated Enrollment Solutions,http://www.globalaes.com,http://www.linkedin.com/company/accelerated-enrollment-solutions
Gluwa,http://www.gluwa.com,http://www.linkedin.com/company/gluwa
GOLFFOREVER - Play without limits,http://www.golfforever.com,http://www.linkedin.com/company/golfforever
Scout Exchange,http://www.goscoutgo.com,http://www.linkedin.com/company/scout-exchange
GovCIO,http://www.govcio.com,http://www.linkedin.com/company/govcio
Greenshades Software,http://www.greenshades.com,http://www.linkedin.com/company/greenshades-software
Grey Group,http://www.grey.com,http://www.linkedin.com/company/grey-group
Groom & Associates(és),http://www.groomassocies.com,http://www.linkedin.com/company/groom-&-associes
Groove,http://www.groovehq.com,http://www.linkedin.com/company/groovehq
GrowthDay,http://www.growthday.com,http://www.linkedin.com/company/growthday
"Global Technology Associates, Ltd.",http://www.gtaprofessionals.com,http://www.linkedin.com/company/gta-professional-staffing
"GXO Logistics, Inc.",http://www.gxo.com,http://www.linkedin.com/company/gxologistics
Harvard Business Publishing,http://www.harvard.edu,http://www.linkedin.com/company/1646
Harvey Nash USA,http://www.harveynashusa.com,http://www.linkedin.com/company/harveynashusa
HealthEdge,http://www.healthedge.com,http://www.linkedin.com/company/healthedge
HealthRhythms,http://www.healthrhythms.com,http://www.linkedin.com/company/healthrhythms
HealthVerity,http://www.healthverity.com,http://www.linkedin.com/company/healthverity
Hearsay Systems,http://www.hearsaysystems.com,http://www.linkedin.com/company/hearsay-systems
"HeartFlow, Inc",http://www.heartflow.com,http://www.linkedin.com/company/heartflow-inc
Fyllo,http://www.hellofyllo.com,http://www.linkedin.com/company/fyllo-compliance-cloud
"GE Appliances, a Haier company",http://www.help.geappliances.com,http://www.linkedin.com/company/mabecanada
Hendrickson,http://www.hendrickson-intl.com,http://www.linkedin.com/company/hendrickson
"HEPCO, Inc.",http://www.hepcoinc.com,http://www.linkedin.com/company/hepcoinc
HG Insights,http://www.hginsights.com,http://www.linkedin.com/company/hg-insights
Highspot,http://www.highspot.com,http://www.linkedin.com/company/highspot
Oscar Health,http://www.hioscar.com,http://www.linkedin.com/company/oscar-health
"Hire IT People, Inc",http://www.hireitpeople.com,http://www.linkedin.com/company/hireitpeople
HireRising,http://www.hirerising.com,http://www.linkedin.com/company/hirerising
Hit Factor Inc,http://www.hitfactor.com,http://www.linkedin.com/company/hit-factor-inc
HopSkipDrive,http://www.hopskipdrive.com,http://www.linkedin.com/company/hopskipdrive
Housecall Pro,http://www.housecallpro.com,http://www.linkedin.com/company/housecallpro
Hudl,http://www.hudl.com,http://www.linkedin.com/company/hudl
Hungryroot,http://www.hungryroot.com,http://www.linkedin.com/company/hungryroot
Huntington National Bank,http://www.huntington.com,http://www.linkedin.com/company/huntington-national-bank
Hyland,http://www.hyland.com,http://www.linkedin.com/company/hyland-software
Kyndryl,http://www.ibm.com,http://www.linkedin.com/company/ibm
iboss,http://www.iboss.com,http://www.linkedin.com/company/iboss
Idea Evolver,http://www.ideaevolver.com,http://www.linkedin.com/company/idea-evolver
Mapware,http://www.igmapware.com,http://www.linkedin.com/company/ig-mapware
IHS Markit,http://www.ihsmarkit.com,http://www.linkedin.com/company/ihsmarkit
impact.com,http://www.impact.com,http://www.linkedin.com/company/impactdotcom
iN2L,http://www.in2l.com,http://www.linkedin.com/company/in2l
Infinity Consulting Solutions,http://www.infinity-cs.com,http://www.linkedin.com/company/infinity-consulting-solutions
Info-Matrix Corporation,http://www.info-matrix.com,http://www.linkedin.com/company/info-matrix-corporation
Infosys,http://www.infosys.com,http://www.linkedin.com/company/infosys
Ingenium Talent,http://www.ingeniumtalent.com,http://www.linkedin.com/company/ingeniumtalent
Inmar Intelligence,http://www.inmar.com,http://www.linkedin.com/company/inmarintelligence
Insight Global,http://www.insightglobal.com,http://www.linkedin.com/company/insight-global
Insulet Corporation,http://www.insulet.com,http://www.linkedin.com/company/insulet-corporation
Interactions LLC,http://www.interactions.com,http://www.linkedin.com/company/interactions-corporation
"Intertech, Inc.",http://www.intertech.com,http://www.linkedin.com/company/intertech
"iRhythm Technologies, Inc.",http://www.irhythmtech.com,http://www.linkedin.com/company/irhythm-technologies-inc-
"Integrated Resources, Inc ( IRI )",http://www.irionline.com,http://www.linkedin.com/company/integrated-resources-inc
iRobot,http://www.irobot.com,http://www.linkedin.com/company/irobot
IronArch Technology,http://www.ironarchtechnology.com,http://www.linkedin.com/company/ironarch-technology
Ironclad,http://www.ironcladapp.com,http://www.linkedin.com/company/ironclad-inc-
Iron Mountain,http://www.ironmountain.com,http://www.linkedin.com/company/iron-mountain
isolved,http://www.isolvedhcm.com,http://www.linkedin.com/company/isolved
Inchcape Shipping Services,http://www.iss-shipping.com,http://www.linkedin.com/company/inchcape-shipping-services
IT Trailblazers LLC,http://www.ittblazers.com,http://www.linkedin.com/company/it-trailblazers
IV IT SOLUTIONS LLC.,http://www.ivitsolutions.com,http://www.linkedin.com/company/iv-it-solutions-llc
Jabil,http://www.jabil.com,http://www.linkedin.com/company/jabil
Jack Henry & Associates,http://www.jackhenry.com,http://www.linkedin.com/company/jack-henry-&-associates
JENNMAR Services,http://www.jennmarservices.com,http://www.linkedin.com/company/jennmar-services
JobDiva Middleware Test Company,http://www.jobdiva.com,http://www.linkedin.com/company/jobdiva
JobsInLogistics.com,http://www.jobsinlogistics.com,http://www.linkedin.com/company/jobsinlogistics-com
Jobvite Middleware Test Company,http://www.jobvite.com,http://www.linkedin.com/company/jobvite
The Judge Group,http://www.judge.com,http://www.linkedin.com/company/the-judge-group
"Kaleido Health Solutions, Inc.",http://www.kaleido-health.com,http://www.linkedin.com/company/kaleido-health-solutions
Kaplan,http://www.kaplan.com,http://www.linkedin.com/company/kaplan
Kastle Systems,http://www.kastle.com,http://www.linkedin.com/company/kastle-systems
Katalyst HealthCares & Life Sciences,http://www.katalysthls.com,http://www.linkedin.com/company/katalysthls
"KDDI America, Inc.",http://www.kddi.com,http://www.linkedin.com/company/kddi-corporation
"Keeper Security, Inc.",http://www.keepersecurity.com,http://www.linkedin.com/company/keeper-security-inc-
"KeepTruckin, Inc.",http://www.keeptruckin.com,http://www.linkedin.com/company/keep-truckin
Kelly,http://www.kellyservices.com,http://www.linkedin.com/company/kellyservices
Keyavi,http://www.keyavi.com,http://www.linkedin.com/company/keyavi-data
Kforce Inc,http://www.kforce.com,http://www.linkedin.com/company/kforce
Khoros,http://www.khoros.com,http://www.linkedin.com/company/khoros
Komodo Health,http://www.komodohealth.com,http://www.linkedin.com/company/komodo-health
Kpler,http://www.kpler.com,http://www.linkedin.com/company/kpler
Kroll,http://www.kroll.com,http://www.linkedin.com/company/kroll
Lacework,http://www.lacework.com,http://www.linkedin.com/company/lacework
Lark Health,http://www.lark.com,http://www.linkedin.com/company/lark-health
Latch,http://www.latch.com,http://www.linkedin.com/company/latch
"LE-VEL BRANDS, LLC",http://www.le-vel.com,http://www.linkedin.com/company/le-velbrands
LEDVANCE,http://www.ledvance.com,http://www.linkedin.com/company/ledvance
Leidos,http://www.leidos.com,http://www.linkedin.com/company/leidos
Levolor,http://www.levolor.com,http://www.linkedin.com/company/levolor
LGC,http://www.lgcgroup.com,http://www.linkedin.com/company/lgcgroup
LGM Pharma,http://www.lgmpharma.com,http://www.linkedin.com/company/lgm-pharma
Lincoln Heritage Life Insurance Company®,http://www.lhlic.com,http://www.linkedin.com/company/lincoln-heritage
Lightspeed Systems,http://www.lightspeedsystems.com,http://www.linkedin.com/company/lightspeed-systems
"Lithia Motors, Inc.",http://www.lithiacareers.com,http://www.linkedin.com/company/lithia-motors
LogicManager,http://www.logicmanager.com,http://www.linkedin.com/company/logicmanager-inc.
Logicworks,http://www.logicworks.com,http://www.linkedin.com/company/logicworks
Lookout,http://www.lookout.com,http://www.linkedin.com/company/lookout
"Levi, Ray & Shoup, Inc. (LRS)",http://www.lrs.com,http://www.linkedin.com/company/lrs
Lucid,http://www.lucidmotors.com,http://www.linkedin.com/company/lucidmotors
Luxoft,http://www.luxoft.com,http://www.linkedin.com/company/luxoft
Macy's,http://www.macys.com,http://www.linkedin.com/company/macy-s
Madison Logic,http://www.madisonlogic.com,http://www.linkedin.com/company/madison-logic
Marin Software,http://www.marinsoftware.com,http://www.linkedin.com/company/marinsoftware
MarketerHire,http://www.marketerhire.com,http://www.linkedin.com/company/marketerhire
MatrixCare,http://www.matrixcare.com,http://www.linkedin.com/company/matrixcare
MD Clarity,http://www.mdclarity.com,http://www.linkedin.com/company/md-clarity
"MDLIVE, an Evernorth company",http://www.mdlive.com,http://www.linkedin.com/company/mdlive-inc-
Mediaocean,http://www.mediaocean.com,http://www.linkedin.com/company/mediaocean
Medical Solutions,http://www.medicalsolutions.com,http://www.linkedin.com/company/medical-solutions
Medix™,http://www.medixteam.com,http://www.linkedin.com/company/medix-staffing-solutions
MedPage Today,http://www.medpagetoday.com,http://www.linkedin.com/company/medpage-today
Meggitt,http://www.meggitt.com,http://www.linkedin.com/company/meggitt-plc
Menlo Security Inc.,http://www.menlosecurity.com,http://www.linkedin.com/company/menlo-security
Mercari US,http://www.mercari.com,http://www.linkedin.com/company/mercari-inc-
Mercury Intermedia,http://www.mercury.io,http://www.linkedin.com/company/mercury-intermedia
Mercy Corps,http://www.mercycorps.org,http://www.linkedin.com/company/mercy-corps
Merkle,http://www.merkleinc.com,http://www.linkedin.com/company/merkle
Datasite,http://www.merrillcorp.com,http://www.linkedin.com/company/merill-corp
MetaBank,http://www.metabank.com,http://www.linkedin.com/company/metabank
MetroStar,http://www.metrostar.com,http://www.linkedin.com/company/metrostar-systems
Mental Health Center of Florida,http://www.mhcflorida.com,http://www.linkedin.com/company/mhcflorida
McGraw Hill,http://www.mheducation.com,http://www.linkedin.com/company/mcgraw-hill-education
MIB,http://www.mibgroup.com,http://www.linkedin.com/company/mib
Ministry Brands,http://www.ministrybrands.com,http://www.linkedin.com/company/ministry-brands
Minted,http://www.minted.com,http://www.linkedin.com/company/minted
Miovision,http://www.miovision.com,http://www.linkedin.com/company/miovision-technologies
Mitek Systems,http://www.miteksystems.com,http://www.linkedin.com/company/miteksystems
MK Recruiting,http://www.mkrecruitingllc.com,http://www.linkedin.com/company/mk-recruiting
Modis,http://www.modis.com,http://www.linkedin.com/company/modis
ModMed,http://www.modmed.com,http://www.linkedin.com/company/modernizing-medicine
Molina Healthcare,http://www.molinahealthcare.com,http://www.linkedin.com/company/molina-healthcare
MRP,http://www.mrpbike.com,http://www.linkedin.com/company/mountain-racing-products
MURAL,http://www.mural.co,http://www.linkedin.com/company/mural.co
Myriad Genetics,http://www.myriad.com,http://www.linkedin.com/company/myriad-genetics
Narvar,http://www.narvar.com,http://www.linkedin.com/company/narvar
Natera,http://www.natera.com,http://www.linkedin.com/company/natera
National Education Partners,http://www.nationaled.org,http://www.linkedin.com/company/national-education-partners
Nationwide,http://www.nationwide.com,http://www.linkedin.com/company/nationwide
NAVTECH INC,http://www.navtechusa.com,http://www.linkedin.com/company/navtechinc
NCCI,http://www.ncci.com,http://www.linkedin.com/company/ncci
New Directions Behavioral Health,http://www.ndbh.com,http://www.linkedin.com/company/new-directions-behavioral-health
Ndevr,http://www.ndevr.io,http://www.linkedin.com/company/ndevrinc
Neogen Corporation,http://www.neogen.com,http://www.linkedin.com/company/neogen-corporation
NEOGOV,http://www.neogov.com,http://www.linkedin.com/company/neogov
"NEP Group, Inc.",http://www.nepgroup.com,http://www.linkedin.com/company/nep-group-inc
Netcracker Technology,http://www.netcracker.com,http://www.linkedin.com/company/netcrackertech
Net Health,http://www.nethealth.com,http://www.linkedin.com/company/net-health-systems-inc-
New American Funding,http://www.newamericanfunding.com,http://www.linkedin.com/company/new-american-funding
New Century Health,http://www.newcenturyhealth.com,http://www.linkedin.com/company/new-century-health
"NewWave Telecom & Technologies, Inc.",http://www.newwave.io,http://www.linkedin.com/company/newwave_technologies
NextGen Healthcare,http://www.nextgen.com,http://www.linkedin.com/company/nextgenhealthcareinc
Nextiva,http://www.nextiva.com,http://www.linkedin.com/company/nextiva
NoRedInk,http://www.noredink.com,http://www.linkedin.com/company/noredink
Netsmart,http://www.ntst.com,http://www.linkedin.com/company/netsmart
Nutrafol,http://www.nutrafol.com,http://www.linkedin.com/company/nutrafol
Oliver Parks,http://www.oliverparks.com,http://www.linkedin.com/company/oliver-parks-ltd
ONE,http://www.one.org,http://www.linkedin.com/company/one-campaign
OneDigital,http://www.onedigital.com,http://www.linkedin.com/company/weareonedigital
One Identity,http://www.oneidentity.com,http://www.linkedin.com/company/one-identity
OneStream Software,http://www.onestreamsoftware.com,http://www.linkedin.com/company/onestream-software
ONI,http://www.onipress.com,http://www.linkedin.com/company/oni-press
Pare,http://www.onlinepare.net,
On Location,http://www.onlocationexp.com,http://www.linkedin.com/company/on-location-experiences
OnPath Testing,http://www.onpathtesting.com,http://www.linkedin.com/company/onpathtesting
OnTarget by Abound Health,http://www.ontargetconnect.com,http://www.linkedin.com/company/ontargetbyaboundhealth
Onward Search,http://www.onwardsearch.com,http://www.linkedin.com/company/onward-search
OpenGov Inc.,http://www.opengov.com,http://www.linkedin.com/company/opengov-inc
Optomi,http://www.optomi.com,http://www.linkedin.com/company/optomi
Orbita Inc.,http://www.orbita.ai,http://www.linkedin.com/company/orbitahealth
Origami Risk,http://www.origamirisk.com,http://www.linkedin.com/company/origami-risk
Orion Advisor Tech,http://www.orionadvisortech.com,http://www.linkedin.com/company/orionadvisortech
Osso VR,http://www.ossovr.com,http://www.linkedin.com/company/osso-vr
Overstock,http://www.overstock.com,http://www.linkedin.com/company/overstock
Owlet Baby Care,http://www.owletcare.com,http://www.linkedin.com/company/owlet-care-monitors
"Paducah, KY",http://www.paducah.travel,http://www.linkedin.com/company/paducahcvb
Pagos Solutions,http://www.pagos.ai,http://www.linkedin.com/company/pagos-ai
Pangaea,http://www.pangaea.de,http://www.linkedin.com/company/pangea-database-systems
Papa,http://www.papajohns.com,http://www.linkedin.com/company/papa-johns-international
Paper,http://www.papermag.com,http://www.linkedin.com/company/paper-magazine
PAR Government,http://www.pargovernment.com,http://www.linkedin.com/company/par-government
Paychex,http://www.paychex.com,http://www.linkedin.com/company/paychex
Paycor,http://www.paycor.com,http://www.linkedin.com/company/newton-software
PCI Security Standards Council,http://www.pcisecuritystandards.org,http://www.linkedin.com/company/pcissc
Peek,http://www.peek.com,http://www.linkedin.com/company/peek-com
PeopleReady,http://www.peopleready.com,http://www.linkedin.com/company/peopleready
People Tech Group Inc,http://www.peopletech.com,http://www.linkedin.com/company/people-tech-group-inc
Federal Reserve Bank of Philadelphia,http://www.philadelphiafed.org,http://www.linkedin.com/company/philadelphiafed
Phreesia,http://www.phreesia.com,http://www.linkedin.com/company/phreesia
Piper Companies,http://www.pipercompanies.com,http://www.linkedin.com/company/pipercompanies
Pixelberry Studios,http://www.pixelberrystudios.com,http://www.linkedin.com/company/pixelberry-studios
PK,http://www.pknic.net.pk,http://www.linkedin.com/company/pknic
PKWARE,http://www.pkware.com,http://www.linkedin.com/company/dataguise
Planet,http://www.planet.com,http://www.linkedin.com/company/planet-labs
"Planview, Inc.",http://www.planview.com,http://www.linkedin.com/company/planview
Plastiq,http://www.plastiq.com,http://www.linkedin.com/company/plastiq
Platinum Resource Group,http://www.platinumresourcegroup.com,http://www.linkedin.com/company/platinum-resource-group
Project Management Institute,http://www.pmi.org,http://www.linkedin.com/company/projectmanagementinstitute
Postman,http://www.postman.com,http://www.linkedin.com/company/postman-platform
PowerSchool,http://www.powerschool.com,http://www.linkedin.com/company/powerschool-group-llc
PremiumMedia360,http://www.premiummedia360.com,http://www.linkedin.com/company/premiummedia360
Prescriptive Data,http://www.prescriptivedata.io,http://www.linkedin.com/company/prescriptivedata
"Prescryptive Health, Inc.",http://www.prescryptive.com,http://www.linkedin.com/company/prescryptive
Press Ganey,http://www.pressganey.com,http://www.linkedin.com/company/press-ganey-associates
Procore Technologies,http://www.procore.com,http://www.linkedin.com/company/procore-technologies
"PTC Therapeutics, Inc.",http://www.ptcbio.com,http://www.linkedin.com/company/ptc-therapeutics
PURE Property Management,http://www.purepm.co,http://www.linkedin.com/company/purepropertymanagement
Q2,http://www.q2.com,http://www.linkedin.com/company/q2software
QuinStreet,http://www.quinstreet.com,http://www.linkedin.com/company/quinstreet
Rackspace Technology,http://www.rackspace.com,http://www.linkedin.com/company/rackspace-technology
Rain Instant Pay,http://www.rain.us,http://www.linkedin.com/company/rain-us
Rainforest QA,http://www.rainforestqa.com,http://www.linkedin.com/company/rainforestqa
"RamQuest, Inc.",http://www.ramquest.com,http://www.linkedin.com/company/ramquest-software-inc.
Rauch & Associates,http://www.rauchassociates.com,http://www.linkedin.com/company/teamrauch
Rave Mobile Safety,http://www.ravemobilesafety.com,http://www.linkedin.com/company/rave-mobile-safety
The Rawlings Group,http://www.rawlingsgroup.com,http://www.linkedin.com/company/the-rawlings-group
Real Staffing,http://www.realstaffing.com,http://www.linkedin.com/company/real-staffing-group
Redesign Health,http://www.redesignhealth.com,http://www.linkedin.com/company/redesign-health
Red Van Workshop,http://www.redvanworkshop.com,http://www.linkedin.com/company/red-van-workshop
Regal Rexnord,http://www.regalrexnord.com,http://www.linkedin.com/company/regal-beloit
Republic,http://www.republicservices.com,http://www.linkedin.com/company/republic-services-inc
ResMed,http://www.resmed.com,http://www.linkedin.com/company/resmed
Revel IT,http://www.revelit.com,http://www.linkedin.com/company/revel-it
RGBSI,http://www.rgbsi.com,http://www.linkedin.com/company/rgbsi
Federal Reserve Bank of Richmond,http://www.richmondfed.org,http://www.linkedin.com/company/federal-reserve-bank-of-richmond
Riverbed Technology,http://www.riverbed.com,http://www.linkedin.com/company/riverbed-technology
Rocket.Chat,http://www.rocket.chat,http://www.linkedin.com/company/rocket-chat
Aerojet Rocketdyne,http://www.rocket.com,http://www.linkedin.com/company/aerojet-rocketdyne
Rockingham Insurance,http://www.rockingham.insure,http://www.linkedin.com/company/rockinghaminsurance
Root Inc.,http://www.rootinc.com,http://www.linkedin.com/company/root-inc
RStudio PBC,http://www.rstudio.com,http://www.linkedin.com/company/rstudio-pbc
RxDefine,http://www.rxdefine.com,http://www.linkedin.com/company/rxdefine
"Ryder System, Inc.",http://www.ryder.com,http://www.linkedin.com/company/ryder-system-inc
DLH Corporation,http://www.s-3.com,http://www.linkedin.com/company/social-&-scientific-systems
SailPoint,http://www.sailpoint.com,http://www.linkedin.com/company/sailpoint-technologies
Sapient Industries,http://www.sapient.industries,http://www.linkedin.com/company/sapient-industries
Saputo Inc.,http://www.saputo.com,http://www.linkedin.com/company/saputo
Sarnova,http://www.sarnova.com,http://www.linkedin.com/company/sarnova
SecureITsource,http://www.secureitsource.com,http://www.linkedin.com/company/secureitsource
Sedgwick,http://www.sedgwick.com,http://www.linkedin.com/company/sedgwick
Selective Insurance,http://www.selective.com,http://www.linkedin.com/company/selective-insurance
ServiceTitan,http://www.servicetitan.com,http://www.linkedin.com/company/servicetitan
Shift4,http://www.shift4.com,http://www.linkedin.com/company/shift4
Shutterfly,http://www.shutterflyinc.com,http://www.linkedin.com/company/shutterfly
Siri InfoSolutions Inc,http://www.siriinfo.com,http://www.linkedin.com/company/siriinfo
Skillsearch Limited,http://www.skillsearch.com,http://www.linkedin.com/company/skillsearch
Snap Finance,http://www.snapfinance.com,http://www.linkedin.com/company/snap-finance
Snap One,http://www.snapon.com,http://www.linkedin.com/company/snap-on
Socure,http://www.socure.com,http://www.linkedin.com/company/socure
SoftStandard Solutions,http://www.softstandard.com,http://www.linkedin.com/company/softstandard
SomaLogic,http://www.somalogic.com,http://www.linkedin.com/company/somalogic
"Sonos, Inc.",http://www.sonos.com,http://www.linkedin.com/company/sonos-inc-
Spruce,http://www.sprucehealth.com,http://www.linkedin.com/company/spruce-health
SquarePeg Hires,http://www.squarepeghires.com,http://www.linkedin.com/company/squarepeg-hires
SS&C Technologies,http://www.ssctech.com,http://www.linkedin.com/company/ss-c-technologies
Stash,http://www.stash.com,http://www.linkedin.com/company/stashfinancial
Stats Perform,http://www.statsperform.com,http://www.linkedin.com/company/stats-perform
Sterling Engineering,http://www.sterling-engineering.com,http://www.linkedin.com/company/sterling-engineering
Stride,http://www.stridehealth.com,http://www.linkedin.com/company/stride-benefits
"Stride, Inc.",http://www.strideinc.com,http://www.linkedin.com/company/stride-inc.
Subsplash,http://www.subsplash.com,http://www.linkedin.com/company/subsplash
Sutherland,http://www.sutherlandglobal.com,http://www.linkedin.com/company/sutherland-global
Suzy,http://www.suzy.com,http://www.linkedin.com/company/asksuzy
Sydata Inc,http://www.sydatainc.com,http://www.linkedin.com/company/sydata-inc
Sylvan Road Capital LLC,http://www.sylvanroad.com,http://www.linkedin.com/company/sylvan-road-capital-llc
Solver,http://www.symbolab.com,
Symmetry Surgical,http://www.symmetrysurgical.com,http://www.linkedin.com/company/symmetry-surgical
Symphonic Distribution,http://www.symphonic.com,http://www.linkedin.com/company/symphonic-distribution
symphony.is,http://www.symphony.is,http://www.linkedin.com/company/symphony.is
symplr,http://www.symplr.com,http://www.linkedin.com/company/symplr
"Take2 Consulting, LLC",http://www.take2it.com,http://www.linkedin.com/company/take2-consulting-llc
Talaris Therapeutics,http://www.talaristx.com,http://www.linkedin.com/company/talaris-therapeutics
Talentify.io,http://www.talentify.io,http://www.linkedin.com/company/talentify-io
TalentPartners,http://www.talentpartnersinc.com,http://www.linkedin.com/company/wearekeen
Teasdale Latin Foods,http://www.teasdalelatinfoods.com,http://www.linkedin.com/company/teasdale-quality-foods
TechDigital,http://www.techdigitalcorp.com,http://www.linkedin.com/company/techdigital-corporation
Techstreet,http://www.techstreet.com,http://www.linkedin.com/company/techstreet
TEKFORTUNE INC,http://www.tekfortune.com,http://www.linkedin.com/company/tekfortune
TEKWISSEN ®,http://www.tekwissen.com,http://www.linkedin.com/company/tekwissen
Comtech Telecommunications Corp.,http://www.telecomsys.com,http://www.linkedin.com/company/telecommunication-systems
Teleflex,http://www.teleflex.com,http://www.linkedin.com/company/teleflex
Terraform Labs,http://www.terra.money,http://www.linkedin.com/company/terraform-labs
TestingXperts,http://www.testingxperts.com,http://www.linkedin.com/company/testingxperts
Atem Corp,http://www.theatem.com,http://www.linkedin.com/company/atem-corp
The Knot Worldwide,http://www.theknotww.com,http://www.linkedin.com/company/%e5%b9%bf%e5%b7%9e%e8%af%ba%e7%89%b9%e8%bd%af%e4%bb%b6%e5%bc%80%e5%8f%91%e6%9c%89%e9%99%90%e5%85%ac%e5%8f%b8
The Meet Group,http://www.themeetgroup.com,http://www.linkedin.com/company/meetme
Themesoft Inc.,http://www.themesoft.com,http://www.linkedin.com/company/themesoft-inc.
The Mom Project,http://www.themomproject.com,http://www.linkedin.com/company/the-mom-project
TheoremOne,http://www.theoremone.co,http://www.linkedin.com/company/theoremone
Sweet,http://www.thesweet.com,
TLM Partners,http://www.tlmpartners.com,http://www.linkedin.com/company/tlm-partners-inc
Toast,http://www.toasttab.com,http://www.linkedin.com/company/toast-inc
Travere Therapeutics,http://www.travere.com,http://www.linkedin.com/company/travererare
Trella Health,http://www.trellahealth.com,http://www.linkedin.com/company/trellahealth
Truckstop.com,http://www.truckstop.com,http://www.linkedin.com/company/truckstop
TrueAccord,http://www.trueaccord.com,http://www.linkedin.com/company/trueaccord
Tunts.Rocks,http://www.tunts.rocks,http://www.linkedin.com/company/tuntsrocks
Tupperware Brands,http://www.tupperwarebrands.com,http://www.linkedin.com/company/tupperware-brands
Ultra Mobile,http://www.ultramobile.com,http://www.linkedin.com/company/ultra-mobile
Unified Women's Healthcare,http://www.unifiedwomenshealthcare.com,http://www.linkedin.com/company/unifiedwomenshealthcare
UNIVERSAL TRANSIT,http://www.universaltransitservice.com,
Unono,http://www.unono.net,http://www.linkedin.com/company/unono
UPS,http://www.ups.com,http://www.linkedin.com/company/ups
Upstart,http://www.upstart.com,http://www.linkedin.com/company/upstart-network
U.S. Bank,http://www.usbank.com,http://www.linkedin.com/company/us-bank
U.S. Renal Care,http://www.usrenalcare.com,http://www.linkedin.com/company/us-renal-care-inc.
Vacasa,http://www.vacasa.com,http://www.linkedin.com/company/vacasa
Vaco,http://www.vaco.com,http://www.linkedin.com/company/vaco
"Varsity Tutors, a Nerdy Company",http://www.varsitytutors.com,http://www.linkedin.com/company/varsity-tutors
Vectrus,http://www.vectrus.com,http://www.linkedin.com/company/vectrus
Versant Health,http://www.versanthealth.com,http://www.linkedin.com/company/versant-health
"Veruna, Inc.",http://www.veruna.com,http://www.linkedin.com/company/veruna
Vesta,http://www.vesta.io,http://www.linkedin.com/company/vestacorporation
VetJobs,http://www.vetjobs.com,
Virtually Human,http://www.vhslab.com,http://www.linkedin.com/company/virtually-human
Vida Health,http://www.vida.com,http://www.linkedin.com/company/vida-health
VikingCloud,http://www.vikingcloud.com,http://www.linkedin.com/company/vikingcloud
"Vir Biotechnology, Inc.",http://www.vir.bio,http://www.linkedin.com/company/vir-biotechnology-inc.
Viventium,http://www.viventium.com,http://www.linkedin.com/company/viventium
Viz.ai,http://www.viz.ai,http://www.linkedin.com/company/viz.ai
Vonage,http://www.vonage.com,http://www.linkedin.com/company/vonage
"V-Soft Consulting Group, Inc.",http://www.vsoftconsulting.com,http://www.linkedin.com/company/vsoftconsulting
Avantor,http://www.vwr.com,http://www.linkedin.com/company/vwr
Altusmeus,http://www.wavely.com,http://www.linkedin.com/company/wavelyapp
Webflow,http://www.webflow.com,http://www.linkedin.com/company/webflow-inc-
WEX,http://www.wexinc.com,http://www.linkedin.com/company/wexinc
What If Media Group,http://www.whatifmediagroup.com,http://www.linkedin.com/company/what-if-media-group
Whatnot,http://www.whatnot.com,http://www.linkedin.com/company/whatnot-inc
White,http://www.whitecase.com,http://www.linkedin.com/company/white-&-case
Wonolo,http://www.wonolo.com,http://www.linkedin.com/company/wonolo
WorkWave,http://www.workwave.com,http://www.linkedin.com/company/workwave
World Wide Technology,http://www.wwt.com,http://www.linkedin.com/company/world-wide-technology
Xero,http://www.xero.com,http://www.linkedin.com/company/xero
Yelp,http://www.yelp.com,http://www.linkedin.com/company/yelp-com
Aspire Software,http://www.youraspire.com,http://www.linkedin.com/company/aspire-landscape-management-software
Yum! Brands,http://www.yum.com,http://www.linkedin.com/company/yum-brands
Yurgosky,http://www.yurgoskyconsulting.com,http://www.linkedin.com/company/yurgosky
Zeta Global,http://www.zetaglobal.com,http://www.linkedin.com/company/zetaglobal
Zillow,http://www.zillow.com,http://www.linkedin.com/company/zillow
"Zodiac Solutions, Inc",http://www.zodiac-solutions.com,http://www.linkedin.com/company/zodiac-solutions-inc
