Company,Website,Company Linkedin Url
3coast,http://www.3coast.com,http://www.linkedin.com/company/3coast
4 Consulting Inc,http://www.4ci-usa.com,http://www.linkedin.com/company/web-marketing-consulting
"7-Eleven, Inc.",http://www.7-eleven.com,http://www.linkedin.com/company/7-eleven
AAA Texas,http://www.aaa.com,http://www.linkedin.com/company/aaa
Abbott,http://www.abbott.com,http://www.linkedin.com/company/abbott-
"Abode TechZone, LLC",http://www.abodetechzone.com,http://www.linkedin.com/company/abode-techzone-llc
Accenture,http://www.accenture.com,http://www.linkedin.com/company/accenture
"Ace Technologies, Inc.",http://www.acetechnologies.com,http://www.linkedin.com/company/acetechnologies
Adept Scripts,http://www.adeptscripts.com,http://www.linkedin.com/company/adept-scripts-inc
ADEX Corporation,http://www.adextelecom.com,http://www.linkedin.com/company/adex
Aditi Consulting,http://www.aditiconsulting.com,http://www.linkedin.com/company/aditiconsulting
ADT,http://www.adt.com,http://www.linkedin.com/company/adt
Agile Premier,http://www.agilepremier.com,http://www.linkedin.com/company/agile-premier
AgreeYa Solutions,http://www.agreeya.com,http://www.linkedin.com/company/agreeya-solutions
Akshar IT Solutions,http://www.aksharitsolution.com,http://www.linkedin.com/company/akshar-it-solution-india
Albertsons Companies,http://www.albertsonscompanies.com,http://www.linkedin.com/company/albertsons
Allegis Middleware Test Company,http://www.allegisgroup.com,http://www.linkedin.com/company/allegis-group
"Allied Consultants, Inc.",http://www.alliedconsultants.com,http://www.linkedin.com/company/allied-consultants-inc-
Alto,http://www.alto.com,http://www.linkedin.com/company/altopharmacy
Amdocs,http://www.amdocs.com,http://www.linkedin.com/company/amdocs
Analysts,http://www.analysts.com,http://www.linkedin.com/company/analysts
Analysts International,http://www.analysts.com,http://www.linkedin.com/company/analysts
Anelto,http://www.anelto.com,http://www.linkedin.com/company/anelto6270
Apex Systems,http://www.apexsystems.com,http://www.linkedin.com/company/apex-systems
"AppLab Systems, Inc",http://www.applabsystems.com,http://www.linkedin.com/company/applab-systems-inc
ApTask,http://www.aptask.com,http://www.linkedin.com/company/aptask
Axxess,http://www.arcor.com,http://www.linkedin.com/company/grupo-arcor
"ArnAmy, Inc.",http://www.arnamy.com,http://www.linkedin.com/company/arnamy-inc.
Associate Staffing LLC,http://www.associatestaffingllc.com,http://www.linkedin.com/company/associate-staffing-llc
Austin Fraser,http://www.austinfraser.com,http://www.linkedin.com/company/austin-fraser
automatize,http://www.automatize.com,http://www.linkedin.com/company/automatize-logistics
Axelon Services Corporation,http://www.axelon.com,http://www.linkedin.com/company/axelon-services-corp.
BAE Systems,http://www.baesystems.com,http://www.linkedin.com/company/bae-systems
Bank of America,http://www.bankofamerica.com,http://www.linkedin.com/company/bank-of-america
Bansar Technologies Inc.,http://www.bansar.com,http://www.linkedin.com/company/bansar-technologies-inc
BARBRI Global,http://www.barbriglobal.com,http://www.linkedin.com/company/barbri-inc-
Beyond Identity,http://www.beyondidentity.com,http://www.linkedin.com/company/beyond-identity-inc
Berkshire Hathaway Homestate Companies,http://www.bhhc.com,http://www.linkedin.com/company/berkshire-hathaway-homestate-companies
BI Solutions Inc,http://www.bisolutionsinc.com,http://www.linkedin.com/company/business-intelligence-solutions-inc.
"Bottle Rocket, an Ogilvy Experience Company",http://www.bottlerocketstudios.com,http://www.linkedin.com/company/bottle-rocket
BravoTECH,http://www.bravotech.com,http://www.linkedin.com/company/bravotech
"Caliber Home Loans, Inc.",http://www.caliberhomeloans.com,http://www.linkedin.com/company/caliber-home-loans
Cambium Assessment,http://www.cambiumlearning.com,http://www.linkedin.com/company/cambium-learning-group
Camden Kelly Corporation,http://www.camdenkelly.com,http://www.linkedin.com/company/camden-kelly-corporation
Capgemini,http://www.capgemini.com,http://www.linkedin.com/company/capgemini
Capital One,http://www.capitalone.com,http://www.linkedin.com/company/capital-one
CareerAddict,http://www.careeraddict.com,http://www.linkedin.com/company/career-addict
Caris Life Sciences,http://www.carislifesciences.com,http://www.linkedin.com/company/caris-life-sciences
Catalyst Health Group,http://www.catalysthealthcare.com,http://www.linkedin.com/company/catalyst-healthcare-group-inc
Catapult Health,http://www.catapulthealth.com,http://www.linkedin.com/company/catapult-health
CBRE,http://www.cbre.com,http://www.linkedin.com/company/cbre
Cigniti Technologies Inc,http://www.cigniti.com,http://www.linkedin.com/company/cigniti-inc
Cinter Career,http://www.cinter.net,http://www.linkedin.com/company/cinter-career
"Citratek, Inc.",http://www.citratek.com,http://www.linkedin.com/company/citratek-inc-
"Irving, TX",http://www.cityofirving.org,http://www.linkedin.com/company/city-of-irving
ClearanceJobs,http://www.clearancejobs.com,http://www.linkedin.com/company/clearancejobs.com
ClifyX,http://www.clifyx.com,http://www.linkedin.com/company/clifyx
Cloudious LLC,http://www.cloudious.com,http://www.linkedin.com/company/cloudious-llc
Fidelity Investments,http://www.cnbc.com,http://www.linkedin.com/company/cnbc
Codeworks L.L.C,http://www.codeworks-inc.com,http://www.linkedin.com/company/codeworks-inc.
Cognizant,http://www.cognizant.com,http://www.linkedin.com/company/cognizant
Collabera,http://www.collabera.com,http://www.linkedin.com/company/collabera
Comerica Bank,http://www.comerica.com,http://www.linkedin.com/company/comerica-bank
Computer Staff,http://www.computerstaff.com,http://www.linkedin.com/company/computer-staff
"Computer Staff, Inc.",http://www.computerstaff.com,http://www.linkedin.com/company/computer-staff
Compu-Vision Consulting Inc.,http://www.compuvis.com,http://www.linkedin.com/company/compu-vision-consulting-inc.
"Concept Software & Services, Inc.",http://www.concept-inc.com,http://www.linkedin.com/company/concept-software
Concept Software & Services Inc,http://www.concept-inc.com,http://www.linkedin.com/company/concept-software
The Container Store,http://www.containerstore.com,http://www.linkedin.com/company/the-container-store
Copart,http://www.copart.com,http://www.linkedin.com/company/copart
"Richardson, TX",http://www.cor.net,http://www.linkedin.com/company/city-of-richardson-texas
Cortex Consultants,http://www.cortexconsultants.com,http://www.linkedin.com/company/cortex-consultants
Cox Automotive Inc.,http://www.coxautoinc.com,http://www.linkedin.com/company/cox-automotive-inc-
Credera,http://www.credera.com,http://www.linkedin.com/company/credera
Crescens Inc.,http://www.crescensinc.com,http://www.linkedin.com/company/crescens-inc-
Crestron Electronics,http://www.crestron.com,http://www.linkedin.com/company/crestron
Crystal Equation Corporation,http://www.crystalequation.com,http://www.linkedin.com/company/crystal-equation-corporation
Cynet Systems,http://www.cynetsystems.com,http://www.linkedin.com/company/cynet-systems
Cynosure Technologies LLC,http://www.cynosuretechnologies.com,http://www.linkedin.com/company/cynosure-technologies-llc
CYPHER LEARNING,http://www.cypherlearning.com,http://www.linkedin.com/company/cypher-learning
"Dallas, TX",http://www.dallascityhall.com,http://www.linkedin.com/company/city-of-dallas
"DatamanUSA, LLC",http://www.datamanusa.com,http://www.linkedin.com/company/datamanusa
"Datto, Inc.",http://www.datto.com,http://www.linkedin.com/company/datto-inc
DCM Infotech Limited,http://www.dcminfotech.com,http://www.linkedin.com/company/dcm-infotech-limited
Dechra Pharmaceuticals PLC,http://www.dechra.com,http://www.linkedin.com/company/dechra-veterinary-products
Dematic,http://www.dematic.com,http://www.linkedin.com/company/dematic
Dew Software,http://www.dewsoftware.com,http://www.linkedin.com/company/dewsoftware
Dialexa,http://www.dialexa.com,http://www.linkedin.com/company/dialexa
Dice,http://www.dice.com,http://www.linkedin.com/company/dice
Digipulse Technologies Inc.,http://www.digipulsetech.com,http://www.linkedin.com/company/digipulse-technologies-inc-
"DIVERSANT, LLC",http://www.diversant.com,http://www.linkedin.com/company/diversant-llc
"DIVERSANT, LLC.",http://www.diversant.com,http://www.linkedin.com/company/diversant-llc
Diverse Lynx,http://www.diverselynx.com,http://www.linkedin.com/company/diverselynx
Data Resource Technologies,http://www.drtinc.com,http://www.linkedin.com/company/data-resource-technologies
Dutech Systems Inc,http://www.dutechsystems.com,http://www.linkedin.com/company/dutechsystems
DVG Tech Solutions LLC,http://www.dvgts.com,http://www.linkedin.com/company/dvg-tech-solutions-llc
Dynata,http://www.dynata.com,http://www.linkedin.com/company/dynataglobal
Eclaro,http://www.eclaro.com,http://www.linkedin.com/company/eclaro
Eclaro,http://www.eclaroit.com,
EdvenSoft Solutions,http://www.edvensoft.com,http://www.linkedin.com/company/edvensoftsolutions
ektello,http://www.ektello.com,http://www.linkedin.com/company/ektello
Emonics LLC,http://www.emonics.com,http://www.linkedin.com/company/emonics
Epsilon,http://www.epsilon.com,http://www.linkedin.com/company/epsilon
eQuest Solutions,http://www.equestsolutions.com,http://www.linkedin.com/company/equest-solutions
"Equify Financial, LLC",http://www.equifyfinancial.com,http://www.linkedin.com/company/equifyfinancialllc
Sharpedge Solutions Inc,http://www.esharpedge.com,http://www.linkedin.com/company/sharpedgesolutions-in
"Esolvit, Inc.",http://www.esolvit.com,http://www.linkedin.com/company/esolvit
Estrobees Technology Inc,http://www.estrobees.com,http://www.linkedin.com/company/estrobees
eTeam,http://www.eteaminc.com,http://www.linkedin.com/company/eteam
ettain group,http://www.ettaingroup.com,http://www.linkedin.com/company/ettain-group
Euclid Innovations,http://www.euclidinnovations.com,http://www.linkedin.com/company/euclid-innovations-inc
The Execu|Search Group,http://www.execu-search.com,http://www.linkedin.com/company/the-execusearch-group
Experis,http://www.experis.com,http://www.linkedin.com/company/experis
Fay Financial,http://www.fayservicing.com,http://www.linkedin.com/company/fay-servicing
Fidelity TalentSource,http://www.fidelitytalentsource.com,http://www.linkedin.com/company/fidelity-talentsource
FinTech LLC,http://www.fintech.com,http://www.linkedin.com/company/fintech-net
Fisher Investments,http://www.fisherinvestments.com,http://www.linkedin.com/company/fisher-investments
"FreshPoint, Inc.",http://www.freshpoint.com,http://www.linkedin.com/company/freshpointinc
GameStop,http://www.gamestop.com,http://www.linkedin.com/company/gamestop
GDK Services,http://www.gdkandco.com,http://www.linkedin.com/company/gdk-&-company
Generis Tek In,http://www.generistek.com,http://www.linkedin.com/company/generis-tek-inc
Genesis10,http://www.genesis10.com,http://www.linkedin.com/company/genesis10
Genuent,http://www.genuent.com,http://www.linkedin.com/company/genuent
"Georgia IT, Inc.",http://www.georgiainfotech.com,
"R2 Technologies, Inc.",http://www.glacialskin.com,http://www.linkedin.com/company/r2techofficial
Global Force USA,http://www.globalforce-us.com,http://www.linkedin.com/company/global-force
GlobalLogic,http://www.globallogic.com,http://www.linkedin.com/company/globallogic
Global Payments Inc.,http://www.globalpayments.com.br,http://www.linkedin.com/company/global-payments-south-america-brasil---servicos-de-pagamentos
Global Pharma Tek,http://www.globalpharmatek.com,http://www.linkedin.com/company/global-pharma-tek
Global Placement Firm,http://www.globalplacementfirm.com,http://www.linkedin.com/company/global_placement_firm
Globe Life,http://www.globeontheweb.com,http://www.linkedin.com/company/globe-insurance
Goldman Sachs,http://www.goldmansachs.com,http://www.linkedin.com/company/goldman-sachs
GoodLeap LLC,http://www.goodleaphomeloans.com,http://www.linkedin.com/company/goodleap-llc
Groove Jones,http://www.groovejones.com,http://www.linkedin.com/company/groovejones
GS Global Services Inc,http://www.gsgsus.com,http://www.linkedin.com/company/gs-global-services-inc.
HCL Technologies,http://www.hcltech.com,http://www.linkedin.com/company/hcl-technologies
Hallmark Global Technologies,http://www.hgtechinc.net,http://www.linkedin.com/company/hallmark-global-technologies
HIREBLAZER,http://www.hireblazer.com,http://www.linkedin.com/company/hireblazer
"Hire IT People, Inc",http://www.hireitpeople.com,http://www.linkedin.com/company/hireitpeople
HireTalent - Diversity Staffing & Recruiting Firm,http://www.hiretalent.com,http://www.linkedin.com/company/hiretalent_
Horizontal Talent,http://www.horizontaltalent.com,http://www.linkedin.com/company/horizontal-talent
HUMAC INC,http://www.humacinc.com,http://www.linkedin.com/company/humac-inc
i2 IT Solutions Inc.,http://www.i2itsolutions.com,http://www.linkedin.com/company/i2-it-solutions
ICONMA,http://www.iconma.com,http://www.linkedin.com/company/iconma
Innovative Edge TCS,http://www.ie-tcs.com,http://www.linkedin.com/company/innovative-edgetcs
IHS Markit,http://www.ihsmarkit.com,http://www.linkedin.com/company/ihsmarkit
Incedo Inc,http://www.incedoinc.com,http://www.linkedin.com/company/incedo-inc
InfiCare Technologies,http://www.inficaretech.com,http://www.linkedin.com/company/inficaretech
Infinity Consulting Solutions,http://www.infinity-cs.com,http://www.linkedin.com/company/infinity-consulting-solutions
Info Dinamica Inc,http://www.infodinamicainc.com,
Infogain,http://www.infogain.com,http://www.linkedin.com/company/infogain
"InfoIMAGE, Inc.",http://www.infoimageinc.com,http://www.linkedin.com/company/infoimage-inc.
InfoIMAGE Inc.,http://www.infoimageinc.com,http://www.linkedin.com/company/infoimage-inc.
"Infomerica, Inc",http://www.infomericainc.com,http://www.linkedin.com/company/infomerica
Infostretch,http://www.infostretch.com,http://www.linkedin.com/company/infostretch
Infostretch Corporation,http://www.infostretch.com,http://www.linkedin.com/company/infostretch
Futran Solutions,http://www.infosys.com,http://www.linkedin.com/company/orange-bank
Infosys,http://www.infosys.com,http://www.linkedin.com/company/orange-bank
InfoVision Inc.,http://www.infovision.com,http://www.linkedin.com/company/infovision
InnovA Technologies,http://www.innovanv.com,http://www.linkedin.com/company/innova-technologies-inc.
Insight Global,http://www.insightglobal.com,http://www.linkedin.com/company/insight-global
Intelliswift Software Inc,http://www.intelliswift.com,http://www.linkedin.com/company/intelliswift
Intellyk,http://www.intellyk.com,http://www.linkedin.com/company/intellyk
Interra Information Tech,http://www.interrait.com,http://www.linkedin.com/company/interra-information-technologies-interrait
Intertek,http://www.intertek.com,http://www.linkedin.com/company/intertek
Triumph Business Capital,http://www.invoicefactoring.com,http://www.linkedin.com/company/triumph-business-capital
IT America,http://www.itamerica.com,http://www.linkedin.com/company/it-america-inc
ITExpertUS,http://www.itexpertus.com,http://www.linkedin.com/company/itexpertus
Jobot,http://www.jobot.com,http://www.linkedin.com/company/jobot
The Judge Group,http://www.judge.com,http://www.linkedin.com/company/the-judge-group
"KAYGEN, Inc.",http://www.kaygen.com,http://www.linkedin.com/company/kaygen-inc
KBX,http://www.kbx.com,http://www.linkedin.com/company/kbx-global
"KellyMitchell Group, Inc",http://www.kellymitchell.com,http://www.linkedin.com/company/kelly-mitchell-group-inc
Kelly,http://www.kellyservices.com,http://www.linkedin.com/company/kellyservices
Kforce Inc,http://www.kforce.com,http://www.linkedin.com/company/kforce
KION Group,http://www.kiongroup.com,http://www.linkedin.com/company/kiongroup
KLM Careers,http://www.klm.com,http://www.linkedin.com/company/klm-careers
Kriscon,http://www.kriscon.com,
L3Harris Technologies,http://www.l3harris.com,
"LanceSoft, Inc.",http://www.lancesoft.com,http://www.linkedin.com/company/lancesoft
LeadStack Inc.,http://www.leadstackinc.com,http://www.linkedin.com/company/leadstack-inc.
Ledgent Technology,http://www.ledgent.com,http://www.linkedin.com/company/ledgent-technology
Ledgent Technology,http://www.ledgent.com,http://www.linkedin.com/company/ledgent-technology
Legends,http://www.legends.net,http://www.linkedin.com/company/legends
Lennox International,http://www.lennoxinternational.com,http://www.linkedin.com/company/lennox-international
Leonardo DRS,http://www.leonardodrs.com,http://www.linkedin.com/company/leonardodrs
Lightbeam Health Solutions,http://www.lightbeamhealth.com,http://www.linkedin.com/company/lightbeamhealth
Lockheed Martin,http://www.lockheedmartinjobs.com,http://www.linkedin.com/company/lockheed-martin-referrals
Lone Star Analysis,http://www.lone-star.com,http://www.linkedin.com/company/lone-star-aerospace
Lotus Suites USA,http://www.lotussuitesusa.com,http://www.linkedin.com/company/lotus-suites-usa
Lotus Suites USA,http://www.lotussuitesusa.com,http://www.linkedin.com/company/lotus-suites-usa
Lucayan Technology Solutions LLC,http://www.lucayantechnology.com,http://www.linkedin.com/company/lucayan-technology-llc
"Luna Data Solutions, Inc.",http://www.lunadatasolutions.com,http://www.linkedin.com/company/luna-data-solutions
Luxoft,http://www.luxoft.com,http://www.linkedin.com/company/luxoft
MAKE Corporation,http://www.makecor.com,http://www.linkedin.com/company/make-corporation
Mastech Digital,http://www.mastechdigital.com,http://www.linkedin.com/company/mastech
Match,http://www.matchgroupinc.com,
Matchpointe Group,http://www.matchpointegroup.com,http://www.linkedin.com/company/matchpointe-group
Matlen Silver,http://www.matlensilver.com,http://www.linkedin.com/company/matlen-silver
Maximus,http://www.maximus.com,http://www.linkedin.com/company/maximus
MedeAnalytics,http://www.medeanalytics.com,http://www.linkedin.com/company/medeanalytics-inc
"Metasys Technologies, Inc.",http://www.metasysinc.com,http://www.linkedin.com/company/metasys-technologies-inc-
Micasa Global,http://www.micasaglobal.com,http://www.linkedin.com/company/micasa-global
Micropac Industries Inc,http://www.micropac.com,http://www.linkedin.com/company/micropac-industries-inc
Mindteck,http://www.mindteck.com,http://www.linkedin.com/company/mindteck
Mindtree,http://www.mindtree.com,http://www.linkedin.com/company/mindtreeltd
Motion Recruitment,http://www.motionrecruitment.com,http://www.linkedin.com/company/motion-recruitment-partners
Motorola Solutions,http://www.motorolasolutions.com,http://www.linkedin.com/company/motorolasolutions
Mouser Electronics,http://www.mouser.com,http://www.linkedin.com/company/mouser-electronics
My3Tech,http://www.my3tech.com,http://www.linkedin.com/company/my3tech-inc
MZ,http://www.mz.com,http://www.linkedin.com/company/mz
"Navitas Partners, LLC",http://www.navitas-partners.com,
Neiman Marcus Group,http://www.neimanmarcus.com,http://www.linkedin.com/company/neimanmarcusgroup
Nesco Resource,http://www.nescoresource.com,http://www.linkedin.com/company/nesco-resource
Ness Digital Engineering,http://www.ness.com,http://www.linkedin.com/company/ness-ses
Net2Source Inc.,http://www.net2source.com,http://www.linkedin.com/company/net2sourceinc
"NHRG, Inc.",http://www.nhrg.com,http://www.linkedin.com/company/nhrg
Niagara Bottling,http://www.niagarawater.com,http://www.linkedin.com/company/niagara-bottling-llc
NICE Systems,http://www.nice.com,http://www.linkedin.com/company/nice-systems
"NITYA Software Solutions, Inc.",http://www.nityainc.com,http://www.linkedin.com/company/nitya-software-solutions-inc
Nityo Infotech Corporation,http://www.nityo.com,http://www.linkedin.com/company/nityo-infotech
NTT DATA Services,http://www.nttdata.com,http://www.linkedin.com/company/ntt-data-americas
One Call,http://www.onecallnow.com,http://www.linkedin.com/company/one-callcm
One Network Enterprises,http://www.onenetwork.com,http://www.linkedin.com/company/one-network-enterprises
Open Systems Technologies,http://www.opensystemstech.com,http://www.linkedin.com/company/open-systems-technologies
OpenTeQ,http://www.openteqgroup.com,http://www.linkedin.com/company/open-teq
"OSO VENTURES, LLC",http://www.osoventuresinc.com,
Pachyderm Inc.,http://www.pachyderm.com,http://www.linkedin.com/company/pachyderm-inc-
Pajarito Scientific Corporation,http://www.pajaritoscientific.com,http://www.linkedin.com/company/pajarito-scientific-corporation
Palnar,http://www.palnar.com,http://www.linkedin.com/company/palnar
PDI Software,http://www.pdisoftware.com,http://www.linkedin.com/company/pdi-software
PeopleCorp America Inc,http://www.peoplecorp.com,http://www.linkedin.com/company/peoplecorp-america-inc.
Photon Infotech,http://www.photonengine.com,http://www.linkedin.com/company/photon-interactive
Photon,http://www.photonengine.com,http://www.linkedin.com/company/exit-games
"Pinnacle Group, Inc.",http://www.pinnacle1.com,http://www.linkedin.com/company/pinnacle-technical-resources
"Plano, TX",http://www.plano.gov,http://www.linkedin.com/company/city-of-plano
PMCS Services Inc,http://www.pmcsservices.com,http://www.linkedin.com/company/pmcsservices
Podium,http://www.podium.com,http://www.linkedin.com/company/podium
Priceline,http://www.priceline.com,http://www.linkedin.com/company/priceline-com
Princeton IT Services,http://www.princetonits.com,http://www.linkedin.com/company/princeton-it-services-inc
"Progress Rail, A Caterpillar Company",http://www.progressrail.com,http://www.linkedin.com/company/progress-rail-services
Projectmates by Systemates Inc.,http://www.projectmates.com,http://www.linkedin.com/company/projectmates-systemates-inc-
"PruTech Solutions, Inc.",http://www.prutech.com,http://www.linkedin.com/company/prutechus
Peterson Technology Partners,http://www.ptechpartners.com,http://www.linkedin.com/company/peterson-technology-partners
"Pyramid Consulting, Inc",http://www.pyramidci.com,http://www.linkedin.com/company/pyramid-consulting
Qentelli,http://www.qentelli.com,http://www.linkedin.com/company/qentelli
Qualitest,http://www.qualitestgroup.com,http://www.linkedin.com/company/qualitest
Randstad Technologies,http://www.randstadusa.com,http://www.linkedin.com/company/randstadusa
Raytheon Intelligence & Space,http://www.raytheonintelligenceandspace.com,http://www.linkedin.com/company/raytheonintelligenceandspace
RedRiver Systems L.L.C.,http://www.redriversystems.com,http://www.linkedin.com/company/redriver-systems-llc
"RedSalsa Technologies, Inc.",http://www.redsalsa.com,http://www.linkedin.com/company/redsalsa-technologies
RED SKY Consulting,http://www.redsky-consulting.com,http://www.linkedin.com/company/red-sky-consulting
"Request Technology, LLC",http://www.requesttechnology.com,http://www.linkedin.com/company/request-technology
Resolution Technologies,http://www.resolution-tech.com,http://www.linkedin.com/company/resolution-technologies-inc-
ResolveTech Solutions Inc.,http://www.resolvetech.com,http://www.linkedin.com/company/resolve-tech-solutions
RHP Soft Inc.,http://www.rhpsoft.com,http://www.linkedin.com/company/rhp-soft-inc
Rightpoint,http://www.rightpoint.com,http://www.linkedin.com/company/rightpoint
"RIT Solutions, Inc.",http://www.ritsolinc.com,http://www.linkedin.com/company/rit-solutions-inc
RMS Computer Corporation,http://www.rmscorp.com,http://www.linkedin.com/company/rms-computer-corporation
Robert Half,http://www.roberthalf.com,http://www.linkedin.com/company/robert-half-international
Raytheon Technologies,http://www.rtx.com,http://www.linkedin.com/company/retiredpage-raytheon
RumbleOn,http://www.rumbleon.com,http://www.linkedin.com/company/rumbleon
Saggezza,http://www.saggezza.com,http://www.linkedin.com/company/saggezza
Saifee Recruiting,http://www.saifeerecruiting.com,
Sam's Club,http://www.samsclub.com,http://www.linkedin.com/company/sam's-club
"Charles Schwab & Co., Inc.",http://www.schwab.com,http://www.linkedin.com/company/charles-schwab
Charles Schwab,http://www.schwab.com,http://www.linkedin.com/company/charles-schwab
Scigon Solutions,http://www.scigon.com,http://www.linkedin.com/company/scigon
Schneider Electric,http://www.se.com,http://www.linkedin.com/company/schneider-electric
Selene Finance LP,http://www.seleneadvantage.com,http://www.linkedin.com/company/selene-finance-lp
"Software Guidance & Assistance, Inc. (SGA, Inc.)",http://www.sgainc.com,http://www.linkedin.com/company/software-guidance-&-assistance
Siri InfoSolutions Inc,http://www.siriinfo.com,http://www.linkedin.com/company/siriinfo
SiriusXM,http://www.siriusxm.com,http://www.linkedin.com/company/pandora
"Systems Integration Solutions, Inc.",http://www.sisinc.com,http://www.linkedin.com/company/systems-integration-solutions
Skiltrek,http://www.skiltrek.com,http://www.linkedin.com/company/skiltrek
"Softpath System, LLC",http://www.softpath.net,http://www.linkedin.com/company/softpath-system-llc
Solugenix,http://www.solugenix.com,http://www.linkedin.com/company/solugenix
Spartan Solutions INC,http://www.spartansolutionsinc.com,http://www.linkedin.com/company/spartan-solutions-inc
Spearhead Technology,http://www.spearheadtech.io,http://www.linkedin.com/company/spearheadtech
Spectraforce Technologies,http://www.spectraforce.com,http://www.linkedin.com/company/spectraforce
Spectral MD,http://www.spectralmd.com,http://www.linkedin.com/company/spectralmd
SpiceOrb,http://www.spiceorb.com,http://www.linkedin.com/company/spiceorb
Spirent Communications,http://www.spirent.com,http://www.linkedin.com/company/spirent-communications
STAND 8 Technology Services,http://www.stand8.io,http://www.linkedin.com/company/westand8
StarTechs Inc.,http://www.startechsinc.com,http://www.linkedin.com/company/star-technology-solutions-inc
Strategic Systems Inc,http://www.strsi.com,http://www.linkedin.com/company/strategic-systems-inc.
UST,http://www.stthomas.edu,http://www.linkedin.com/company/166674
Supreme Lending,http://www.supremelending.com,http://www.linkedin.com/company/supremelending
Supreme Lending,http://www.supremelending.com,http://www.linkedin.com/company/supremelending
T-Mobile,http://www.t-mobile.com,http://www.linkedin.com/company/t-mobile
Tabner Inc,http://www.tabnerglobal.com,http://www.linkedin.com/company/tabnerinc
"TalentBurst, an Inc 5000 company",http://www.talentburst.com,http://www.linkedin.com/company/talentburst
TALENT Software Services,http://www.talentstaffingservices.com,http://www.linkedin.com/company/talent-software-services
TechDigital,http://www.techdigitalcorp.com,http://www.linkedin.com/company/techdigital-corporation
Primetime Technologies Inc,http://www.techprimetime.com,http://www.linkedin.com/company/prime-time-consulting
Techtriad Team - T3,http://www.techtriadteam.com,http://www.linkedin.com/company/t3-tech-triad-team
TekisHub Consulting Services,http://www.tekishub.com,http://www.linkedin.com/company/tekishubconsultingservice
TeknoSpar Inc.,http://www.teknospar.com,http://www.linkedin.com/company/teknospar-inc
TEKsystems,http://www.teksystems.com,http://www.linkedin.com/company/teksystems
TexcelVision Inc.,http://www.texcelvision.com,http://www.linkedin.com/company/texcelvision-inc.
Guardian Jobs,http://www.theguardian.com,http://www.linkedin.com/company/theguardian
The Intersect Group,http://www.theintersectgroup.com,http://www.linkedin.com/company/the-intersect-group
Themesoft Inc.,http://www.themesoft.com,http://www.linkedin.com/company/themesoft-inc.
Texas Instruments,http://www.ti.com,http://www.linkedin.com/company/texas-instruments
TIAA,http://www.tiaa.org,http://www.linkedin.com/company/tiaa
Toyota Connected North America,http://www.toyotaconnected.com,http://www.linkedin.com/company/toyota-connected-north-america
IFINSOL Global LLC,http://www.tradecouncil.org,http://www.linkedin.com/company/international-trade-council
TransTech IT Staffing - A Mitchell Martin Company,http://www.transtechitstaffing.com,
Travelers,http://www.travelers.com,http://www.linkedin.com/company/travelers
"Turnberry Solutions, Inc",http://www.turnberrysolutions.com,http://www.linkedin.com/company/turnberrysolutions
TuSimple,http://www.tusimple.com,http://www.linkedin.com/company/tusimple
UiPath,http://www.uipath.com,http://www.linkedin.com/company/uipath
Ultimate Staffing,http://www.ultimatestaffing.com,http://www.linkedin.com/company/ultimate-staffing
"Urpan Technologies, Inc.",http://www.urpantech.com,http://www.linkedin.com/company/urpantech
"Ursus, Inc.",http://www.ursusinc.com,http://www.linkedin.com/company/ursus-incorporated
U.S. Bank,http://www.usbank.com,http://www.linkedin.com/company/us-bank
UST,http://www.ust.com,http://www.linkedin.com/company/ustglobal
UWorld,http://www.uworld.com,http://www.linkedin.com/company/uworld
"ValueLabs, Inc.",http://www.valuelabs.com,http://www.linkedin.com/company/valuelabs
Vanguard,http://www.vanguard.com,http://www.linkedin.com/company/vanguard
Visual Concepts,http://www.vcentertainment.com,http://www.linkedin.com/company/visual-concepts
"VDart, Inc.",http://www.vdart.com,http://www.linkedin.com/company/vdart
Veear,http://www.veearprojects.com,http://www.linkedin.com/company/veear-projects
"Verifi, Inc.",http://www.verifi.com,http://www.linkedin.com/company/verifi
Virtusoft,http://www.virtusoft.us,http://www.linkedin.com/company/virtusoft-inc
"Vizient, Inc",http://www.vizientinc.com,http://www.linkedin.com/company/vizient
VLink Inc,http://www.vlinkinfo.com,http://www.linkedin.com/company/vlink-inc
Voluble Systems LLC,http://www.volublesystems.com,http://www.linkedin.com/company/voluble
Walmart,http://www.walmart.com,http://www.linkedin.com/company/walmart
WebTPA,http://www.webtpa.com,http://www.linkedin.com/company/webtpa
Wells Fargo,http://www.wellsfargo.com,http://www.linkedin.com/company/wellsfargo
Western Alliance Bank,http://www.westernalliancebancorporation.com,http://www.linkedin.com/company/western-alliance-bank
Whiz Global LLC,http://www.whizglobal.com,http://www.linkedin.com/company/whiz-global-llc
Whiztek Corp,http://www.whiztekcorp.com,http://www.linkedin.com/company/whiztek
"Wilks Brothers, LLC",http://www.wilksbrothers.com,http://www.linkedin.com/company/wilks-brothers
Wipro Ltd.,http://www.wipro.com,http://www.linkedin.com/company/wipro
Wipro,http://www.wiprodigital.com,http://www.linkedin.com/company/wipro-digital
Wolters Kluwer,http://www.wolterskluwer.com,http://www.linkedin.com/company/wolters-kluwer
Xaxis,http://www.xaxis.com,http://www.linkedin.com/company/xaxis
Xcelo Group Inc,http://www.xcelogroup.com,http://www.linkedin.com/company/xcelo-group-inc
Xoriant Corporation,http://www.xoriant.com,http://www.linkedin.com/company/xoriant
Y & L Consulting Inc.,http://www.ylconsulting.com,http://www.linkedin.com/company/y&l-consulting
Yoh - A Day & Zimmerman Company,http://www.yoh.com,http://www.linkedin.com/company/yoh-a-day-&-zimmermann-company
"Yoh, A Day & Zimmermann Company",http://www.yoh.com,http://www.linkedin.com/company/yoh-a-day-&-zimmermann-company
ZIMPERIUM,http://www.zimperium.com,http://www.linkedin.com/company/zimperium
Ziosk,http://www.ziosk.com,http://www.linkedin.com/company/ziosk
