Company,Website,Company Linkedin Url
Abbott Laboratories,http://www.abbott.com,http://www.linkedin.com/company/abbott-
"Abbtech Professional Resources, Inc",http://www.abbtech.com,http://www.linkedin.com/company/abbtech
AcisTek Corporation,http://www.acistek.com,http://www.linkedin.com/company/acistek-corporation
"ADS, Inc.",http://www.adsinc.com,http://www.linkedin.com/company/ads-inc
Adtech,http://www.adtechsystems.com,http://www.linkedin.com/company/adtech
Aerospace Corporation,http://www.aerospace.org,http://www.linkedin.com/company/the-aerospace-corporation
AhaApps,http://www.ahaapps.com,http://www.linkedin.com/company/ahaapps
Applied Information Sciences,http://www.ais.com,http://www.linkedin.com/company/appliedis
"Alltech Consulting Services, Inc.",http://www.alltechconsultinginc.com,http://www.linkedin.com/company/alltech-consulting-services-inc
"Amazon Data Services, Inc.",http://www.amazon.com,http://www.linkedin.com/company/amazon
"Amazon Web Services, Inc.",http://www.amazon.com,http://www.linkedin.com/company/amazon
Amivero,http://www.amivero.com,http://www.linkedin.com/company/amivero
Ampcus Inc,http://www.ampcus.com,http://www.linkedin.com/company/ampcus-inc
"Anthem, Inc",http://www.antheminc.com,http://www.linkedin.com/company/antheminc
Anthem,http://www.antheminc.com,http://www.linkedin.com/company/antheminc
Apex Systems,http://www.apexsystems.com,http://www.linkedin.com/company/apex-systems
"Applied Research Associates, Inc",http://www.ara.com,http://www.linkedin.com/company/ara
ARMO Consultants,http://www.armo-consultants.com,
Arthur Lawrence,http://www.arthurlawrence.net,http://www.linkedin.com/company/arthur-lawrence
Assa Abloy,http://www.assaabloydss.com,http://www.linkedin.com/company/assa-abloy-door-security-solutions
The Atlantic Group,http://www.atlanticrecruiters.com,http://www.linkedin.com/company/the-atlantic-group
Atlantic Resource Group,http://www.atlanticresource.com,http://www.linkedin.com/company/atlantic-resource-group
Audi of America,http://www.audiusa.com,http://www.linkedin.com/company/audi-of-america
Avantus Federal,http://www.avantus.com,http://www.linkedin.com/company/avantus
"Baker Tilly US, LLP",http://www.bakertilly.com,http://www.linkedin.com/company/bakertillyus
Bankers Healthcare Group,http://www.bankershealthcaregroup.com,
BDR Solutions,http://www.bdrsolutionsllc.com,http://www.linkedin.com/company/bdr-solutions-llc
B E A T LLC,http://www.beatllc.com,http://www.linkedin.com/company/b-e-a-t-llc-
Bennett Aerospace,http://www.bennettaerospace.com,http://www.linkedin.com/company/bennett-aerospace
"Bennett Aerospace, Inc.",http://www.bennettaerospace.com,http://www.linkedin.com/company/bennett-aerospace
Beyond,http://www.beyondmeat.com,http://www.linkedin.com/company/beyond-meat
Bonaventure Realty Group,http://www.bonaventure.com,http://www.linkedin.com/company/bonaventure
Booz Allen Hamilton,http://www.boozallen.com,http://www.linkedin.com/company/booz-allen-hamilton
Bowhead Holding Company,http://www.bowheadsupport.com,http://www.linkedin.com/company/bowheadfamilyofcompanies
BranCore Technologies,http://www.brancore.com,http://www.linkedin.com/company/brancore-technologies
Buchanan & Edwards,http://www.buchanan-edwards.com,http://www.linkedin.com/company/buchanan-&-edwards
CACI,http://www.caci.com,http://www.linkedin.com/company/caci-international-inc
CareFirst,http://www.carefirst.com,http://www.linkedin.com/company/carefirst-bluecross-blueshield
Caresoft Global,http://www.caresoftglobal.com,http://www.linkedin.com/company/caresoftofficial
CarLotz,http://www.carlotz.com,http://www.linkedin.com/company/carlotz
Cambridge International Systems Inc,http://www.cbridgeinc.com,http://www.linkedin.com/company/cambridge-international-systems
CGI,http://www.cgi.com,http://www.linkedin.com/company/cgi
Change Healthcare,http://www.changehealthcare.com,http://www.linkedin.com/company/change-healthcare
Cyber Resource,http://www.cisa.gov,http://www.linkedin.com/company/cisagov
Clark Construction Group,http://www.clarkconstruction.com,http://www.linkedin.com/company/clarkconstructiongroup
"Clientmind, Inc.",http://www.clientmindrecruiting.com,http://www.linkedin.com/company/clientmind-recruiting
Cloudsquare,http://www.cloudsquare.io,http://www.linkedin.com/company/cloudsquareinc
ICF,http://www.coachingfederation.org,http://www.linkedin.com/company/international-coaching-federation
CMCI,http://www.commonwealthmediation.com,http://www.linkedin.com/company/commonwealth-mediation-and-conciliation-inc
Cooley LLP,http://www.cooley.com,http://www.linkedin.com/company/cooleyllp
Cornerstone Defense,http://www.cornerstonedefense.com,http://www.linkedin.com/company/cornerstone-defense
CoStar Group,http://www.costargroup.com,http://www.linkedin.com/company/costar-group
"CoStar Realty Information, Inc",http://www.costargroup.com,http://www.linkedin.com/company/costar-group
Credence Management Solutions,http://www.credence-llc.com,http://www.linkedin.com/company/credence-management-solutions-llc
Cybermedia Technologies (CTEC),http://www.ctec-corp.com,http://www.linkedin.com/company/ctec
CTSI,http://www.ctsi-global.com,http://www.linkedin.com/company/ctsi-global
CVS Health,http://www.cvshealth.com,http://www.linkedin.com/company/cvs-health
Deloitte,http://www.deloitte.com,http://www.linkedin.com/company/deloitte
"Distributed Solutions, Inc",http://www.distributedinc.com,http://www.linkedin.com/company/distributed-solutions-inc-
Distributed Solutions Inc.,http://www.distributedinc.com,http://www.linkedin.com/company/distributed-solutions-inc-
DLT Solutions,http://www.dlt.com,http://www.linkedin.com/company/dlt-solutions
Dollar Tree,http://www.dollartree.com,http://www.linkedin.com/company/dollar-tree-stores
Dynamo Technologies LLC,http://www.dynamotechnologies.com,http://www.linkedin.com/company/dynamo-technologies-llc
EAB,http://www.eab.com,http://www.linkedin.com/company/eab_
Eagle Creek Software Services,http://www.eaglecrk.com,http://www.linkedin.com/company/eagle-creek-software-services
East End Resources,http://www.eastendresources.com,http://www.linkedin.com/company/east-end-resources
Endurance IT,http://www.endurance-it.com,http://www.linkedin.com/company/endurance-it-services
ERPMark Inc,http://www.erpmark.com,http://www.linkedin.com/company/erpmark-inc
eTelligent Group LLC,http://www.etelligent-group.com,http://www.linkedin.com/company/etelligent-group
"Evergreen Technologies, LLC.",http://www.evergreentechnologies.com,
Fairfax County Government,http://www.fairfaxcounty.gov,http://www.linkedin.com/company/fairfax-county-government
Fairfax County,http://www.fairfaxcounty.gov,http://www.linkedin.com/company/fairfax-county-government
Food City | K-VA-T Food Stores Inc,http://www.foodcity.com,http://www.linkedin.com/company/kvat-foods-inc.
Frontpoint Security Solutions LLC,http://www.frontpointsecurity.com,http://www.linkedin.com/company/frontpoint
Gainwell Technologies,http://www.gainwelltechnologies.com,http://www.linkedin.com/company/gainwell-technologies
General Dynamics Information Technology,http://www.gdit.com,http://www.linkedin.com/company/gdit
"General Dynamics Mission Systems, Inc",http://www.gdmissionsystems.com,http://www.linkedin.com/company/gdms
GenTech Associates,http://www.gentechassociates.com,http://www.linkedin.com/company/gentech-associates-inc.
GenTech Associates,http://www.gentechassociates.com,http://www.linkedin.com/company/gentech-associates-inc.
George Mason University,http://www.gmu.edu,http://www.linkedin.com/company/george-mason-university
GovCIO,http://www.govcio.com,http://www.linkedin.com/company/govcio
GridPoint,http://www.gridpoint.com,http://www.linkedin.com/company/gridpoint
Tuknik Government Services,http://www.gsa.gov,http://www.linkedin.com/company/gsa
Hampton University,http://www.hamptonu.edu,http://www.linkedin.com/company/hampton
"Hard Rock International (USA), Inc.",http://www.hardrock.com,http://www.linkedin.com/company/hard-rock-international
Haynes Furniture Company,http://www.haynesfurniture.com,http://www.linkedin.com/company/haynes-furniture-company
KPMG,http://www.home.kpmg,http://www.linkedin.com/company/kpmg
Information Management Group,http://www.imgva.com,http://www.linkedin.com/company/information-management-group-inc.
"InnovaSystems International, LLC",http://www.innovasi.com,http://www.linkedin.com/company/innovasystems-international-llc
Inova Health System,http://www.inova.org,http://www.linkedin.com/company/inova-health-system
IOMAXIS,http://www.iomaxis.com,http://www.linkedin.com/company/iomaxis
IQuasar,http://www.iquasar.com,http://www.linkedin.com/company/iquasar-llc
iQuasar LLC,http://www.iquasar.com,http://www.linkedin.com/company/iquasar-llc
iTrending Solutions,http://www.itrendingsolutions.com,http://www.linkedin.com/company/itrendingsolutionsllc
"IVA'AL Solutions, LLC",http://www.ivaalsolutions.com,http://www.linkedin.com/company/iva-al-solutions-llc
JLL,http://www.jll.com,http://www.linkedin.com/company/jll
Jobot,http://www.jobot.com,http://www.linkedin.com/company/jobot
Enterprise Engineering,http://www.joineei.com,http://www.linkedin.com/company/enterprise-engineering-inc
"Judge Group, Inc.",http://www.judge.com,http://www.linkedin.com/company/the-judge-group
KAPS Solutions,http://www.kapssolutions.com,http://www.linkedin.com/company/kapssolutions
Kastle Systems,http://www.kastle.com,http://www.linkedin.com/company/kastle-systems
Kforce Inc,http://www.kforce.com,http://www.linkedin.com/company/kforce
"KMM Technologies, Inc",http://www.kmmtechnologies.com,http://www.linkedin.com/company/kmm-technologies-inc
KMM Technologies,http://www.kmmtechnologies.com,http://www.linkedin.com/company/kmm-technologies-inc
Arlluk Technology Solutions,http://www.koniag-gs.com,http://www.linkedin.com/company/koniag-government-services
Koniag Information Security Services,http://www.koniag-gs.com,http://www.linkedin.com/company/koniag-government-services
Leading Edge Systems Richmond,http://www.leadingedgesys.com,http://www.linkedin.com/company/leading-edge-systems-richmond
Leidos,http://www.leidos.com,http://www.linkedin.com/company/leidos
Logistics Management Institute,http://www.lmi.org,http://www.linkedin.com/company/lmi
"Lynch Consultants, LLC",http://www.lynchconsultants.com,http://www.linkedin.com/company/lynch-consultants-llc
U.S. Marine Corps,http://www.marines.mil,http://www.linkedin.com/company/marines
Matlen Silver,http://www.matlensilver.com,http://www.linkedin.com/company/matlen-silver
Maxus Technology USA LLC,http://www.maxus.co.in,http://www.linkedin.com/company/maxus-technologies-pvt-ltd
Meta,http://www.meta.org,http://www.linkedin.com/company/metainf.com.br
Metric5,http://www.metric5.com,http://www.linkedin.com/company/malik-consulting-inc-
MoneyGuide,http://www.moneyguidepro.com,http://www.linkedin.com/company/moneyguidepro-pietech-inc
Motion Recruitment,http://www.motionrecruitment.com,http://www.linkedin.com/company/motion-recruitment-partners
MVB Financial Corp,http://www.mvbbanking.com,http://www.linkedin.com/company/mvb-bank
Acuity INC,http://www.myacuity.com,http://www.linkedin.com/company/acuity-inc
Blue Ridge Bank NA,http://www.mybrb.com,http://www.linkedin.com/company/blue-ridge-bank-virginia
MyEyeDr.,http://www.myeyedr.com,http://www.linkedin.com/company/myeyedr-
Navy Exchange Service Command,http://www.mynavyexchange.com,http://www.linkedin.com/company/us-navy-exchange-subasenlon
Navy Federal Credit Union,http://www.navyfederal.org,http://www.linkedin.com/company/navy-federal-credit-union
National Computer Systems,http://www.ncsus.net,http://www.linkedin.com/company/national-computer-systems
NetVision Resources Inc.,http://www.netvisionresources.com,http://www.linkedin.com/company/netvision-resources-inc
Nexus Direct,http://www.nexusdirect.com,http://www.linkedin.com/company/nexus-direct
Northern Neck Insurance Company,http://www.nnins.com,http://www.linkedin.com/company/northern-neck-insurance-company
City of Newport News,http://www.nnva.gov,http://www.linkedin.com/company/city-of-newport-news
Noralogic Inc,http://www.noralogic.com,http://www.linkedin.com/company/noralogic-inc
Northrop Grumman,http://www.northropgrumman.com,http://www.linkedin.com/company/northrop-grumman-corporation
NR Consulting LLC,http://www.nrconsultingservice.com,http://www.linkedin.com/company/nrconsultingllc
NTT DATA,http://www.nttdata.com,http://www.linkedin.com/company/ntt-data-americas
Bigbear.ai,http://www.nuwavesolutions.com,http://www.linkedin.com/company/nuwave-solutions
Octo,http://www.octoconsulting.com,http://www.linkedin.com/company/octo-consulting-group
The Old Dominion Group,http://www.odins.com,
OM GROUP INC.,http://www.omgroupinc.us,http://www.linkedin.com/company/om-group-inc.
Optum,http://www.optum.com,http://www.linkedin.com/company/alere-wellbeing
PenFed Credit Union,http://www.penfed.org,http://www.linkedin.com/company/penfed
Peraton,http://www.peraton.com,http://www.linkedin.com/company/peraton
"PillPack, LLC",http://www.pillpack.com,http://www.linkedin.com/company/pillpack
National Computing Group,http://www.pittsburghrecruiters.com,
Prescient Edge Federal,http://www.prescientedge.com,http://www.linkedin.com/company/prescient-edge-corp
"Prism, Inc.",http://www.prisminc.com,http://www.linkedin.com/company/prism_3
Public Consulting Group,http://www.publicconsultinggroup.com,http://www.linkedin.com/company/public-consulting-group
Stefanini,http://www.puresoftinc.com,http://www.linkedin.com/company/puresoft-inc
PwC,http://www.pwc.com,http://www.linkedin.com/company/pwc
"Quality Transportation Services, Inc.",http://www.qts.com,http://www.linkedin.com/company/quality-transportation-services-inc.
Redhorse Corporation,http://www.redhorsecorp.com,http://www.linkedin.com/company/redhorse-corporation
REI Systems,http://www.reisystems.com,http://www.linkedin.com/company/rei-systems
"RELI Group, Inc.",http://www.religroupinc.com,http://www.linkedin.com/company/reli-group-inc
RICEFW Technologies Inc,http://www.ricefwtech.com,http://www.linkedin.com/company/ricefw-technologies-inc
DLH Corp,http://www.s-3.com,http://www.linkedin.com/company/social-&-scientific-systems
DLH Corp,http://www.s-3.com,http://www.linkedin.com/company/social-&-scientific-systems
SAIC,http://www.saic.com,http://www.linkedin.com/company/saicinc
Sands Anderson PC,http://www.sandsanderson.com,http://www.linkedin.com/company/sands-anderson-pc
Sands Anderson,http://www.sandsanderson.com,http://www.linkedin.com/company/sands-anderson-pc
Bonaventure,http://www.sbu.edu,http://www.linkedin.com/company/24219
Seer Solutions Inc.,http://www.seer-solutions.com,http://www.linkedin.com/company/seer-solutions-inc
Sentara Healthcare,http://www.sentara.com,http://www.linkedin.com/company/sentara-healthcare
Software Guidance & Assistance,http://www.sgainc.com,http://www.linkedin.com/company/software-guidance-&-assistance
Silverchair Science and Communications,http://www.silverchair.com,http://www.linkedin.com/company/silverchair
"SimVentions, Inc",http://www.simventions.com,http://www.linkedin.com/company/simventions
Synectics for Management Decisions Inc,http://www.smdi.com,http://www.linkedin.com/company/synectics-for-management-decisions-inc
Snagajob,http://www.snagajob.com,http://www.linkedin.com/company/snagajob
"Soliel,LLC",http://www.solielcom.com,http://www.linkedin.com/company/soliel
Soliel LLC,http://www.solielcom.com,http://www.linkedin.com/company/soliel
SOSi,http://www.sosi.com,http://www.linkedin.com/company/sos-international-llc
Spectraforce Technologies,http://www.spectraforce.com,http://www.linkedin.com/company/spectraforce
Splunk,http://www.splunk.com,http://www.linkedin.com/company/splunk
Spring Oaks Capital,http://www.springoakscapital.com,http://www.linkedin.com/company/spring-oaks-capital-llc
Swift Pace Solutions,http://www.spsolinc.com,http://www.linkedin.com/company/swift-pace-solutions-inc
"Spy Pond Partners, LLC",http://www.spypondpartners.com,http://www.linkedin.com/company/spy-pond-partners-llc
"Stefanini, Inc",http://www.stefanini.com,http://www.linkedin.com/company/stefanini-brasil
Stefanini,http://www.stefanini.com,http://www.linkedin.com/company/stefanini-brasil
"Super Technology Solutions, Inc.",http://www.supertsi.com,http://www.linkedin.com/company/super-technology-solutions-inc
SWIFT,http://www.swift.com,http://www.linkedin.com/company/swift
Syneren Technologies Corporation,http://www.syneren.com,http://www.linkedin.com/company/syneren-technologies-corporation
Synertex LLC,http://www.synertex.com,http://www.linkedin.com/company/synertex-llc
Synigent Technologies,http://www.synigent.com,http://www.linkedin.com/company/synigent-technologies
Take2 Consulting,http://www.take2it.com,http://www.linkedin.com/company/take2-consulting-llc
Talent Group,http://www.talentgroup.com,http://www.linkedin.com/company/the-talent-group
Talent Group,http://www.talentgroups.com,http://www.linkedin.com/company/talentgroup-staffing
Techpoint LLC,http://www.techpoint.net,http://www.linkedin.com/company/techpoint-llc
TechSur Solutions,http://www.techsur.solutions,http://www.linkedin.com/company/techsur
"TekStream Solutions, LLC",http://www.tekstream.com,http://www.linkedin.com/company/tekstream-solutions
The Denzel Group,http://www.thedenzelgroup.com,http://www.linkedin.com/company/the-denzel-group
The Prospective Group,http://www.theprospectivegroup.com,http://www.linkedin.com/company/the-prospective-group
Thermo Fisher Scientific,http://www.thermofisher.com,http://www.linkedin.com/company/thermo-fisher-scientific
ThinkTek,http://www.thinktek.com,http://www.linkedin.com/company/thinktekinc
ThinkTek LLC,http://www.thinktekllc.com,http://www.linkedin.com/company/thinktek-llc
Thompson Gray Inc.,http://www.thompsongrayinc.net,http://www.linkedin.com/company/thompsongrayinc
TowneBank,http://www.townebank.com,http://www.linkedin.com/company/townebank
TRESUME,http://www.tresemme.com,http://www.linkedin.com/company/tresemme-singapore
Visionary Integration Professionals,http://www.trustvip.com,http://www.linkedin.com/company/visionary-integration-professionals-vip-
IntelliBridge LLC,http://www.tt-llc.com,http://www.linkedin.com/company/trowbridge-&-trowbridge-llc
Two Six Technologies,http://www.twosixtech.com,http://www.linkedin.com/company/twosixtechnologies
TYLER TECHNOLOGIES INC,http://www.tylertech.com,http://www.linkedin.com/company/tyler-technologies
UDig,http://www.udig.com,http://www.linkedin.com/company/udig
Marine Corps Community Services,http://www.usmc-mccs.org,http://www.linkedin.com/company/mccs
UST Global,http://www.ust.com,http://www.linkedin.com/company/ustglobal
Virginia Farm Bureau,http://www.vafb.com,http://www.linkedin.com/company/virginia-farm-bureau
Vector Talent Resources,http://www.vectortalent.com,http://www.linkedin.com/company/vector-technical-resources
Vega Consulting Solutions,http://www.vegaconsulting.com,http://www.linkedin.com/company/vega-consulting
Ventera,http://www.ventera.com,http://www.linkedin.com/company/ventera
Verizon,http://www.verizonwireless.com,http://www.linkedin.com/company/verizon
V Group Inc,http://www.vgroupinc.com,http://www.linkedin.com/company/v-group
University of Virginia,http://www.virginia.edu,http://www.linkedin.com/company/university-of-virginia
University of Virginia Physicians Group,http://www.virginia.edu,http://www.linkedin.com/company/university-of-virginia
Visa,http://www.visa.com,http://www.linkedin.com/company/visa
Volvo Group,http://www.volvogroup.com,http://www.linkedin.com/company/volvo-group
Dominion VUE / DMS,http://www.vuedms.com,http://www.linkedin.com/company/vuedms
VW Credit,http://www.vw.com,http://www.linkedin.com/company/volkswagen-of-america-inc
WireWheel,http://www.wirewheel.io,http://www.linkedin.com/company/wirewheel
xiartech,http://www.xiartech.com,http://www.linkedin.com/company/xiartech-inc
Yakshna Solutions,http://www.yakshna.com,http://www.linkedin.com/company/yakshna-solutions
YSI,http://www.ysi.com,http://www.linkedin.com/company/ysi
"Zachary Piper Solutions, LLC",http://www.zacharypiper.com,http://www.linkedin.com/company/zachary-piper-solutions
Zillion Technologies,http://www.zillion.com,http://www.linkedin.com/company/zillion-group
