Company,Website,Company Linkedin Url
1 Point System,http://www.1pointsys.com,http://www.linkedin.com/company/1-point-systems
First National Bank Texas,http://www.1stnb.com,http://www.linkedin.com/company/1stnb
84 Lumber Company,http://www.84lumber.com,http://www.linkedin.com/company/84-lumber
Abbott,http://www.abbott.com,http://www.linkedin.com/company/abbott-
Abbvie,http://www.abbvie.com,http://www.linkedin.com/company/abbvie
Academy Sports + Outdoors,http://www.academy.com,http://www.linkedin.com/company/academy-sports-and-outdoor
Accenture,http://www.accenture.com,http://www.linkedin.com/company/accenture
"Agora Data, Inc.",http://www.agoradata.com,http://www.linkedin.com/company/agora-data-inc.
AIG,http://www.aig.com,http://www.linkedin.com/company/aig
Airbus Defense and Space,http://www.airbus.com,http://www.linkedin.com/company/airbusgroup
Airgas Inc.,http://www.airgas.com,http://www.linkedin.com/company/airgas
Gallagher,http://www.ajg.com,http://www.linkedin.com/company/gallagher-re
"Akraya, Inc.",http://www.akraya.com,http://www.linkedin.com/company/akraya-inc
Albertsons Companies,http://www.albertsonscompanies.com,http://www.linkedin.com/company/albertsons
Alliant Group,http://www.alliantgroup.com,http://www.linkedin.com/company/alliantgroup
"Allredi, LLC",http://www.allredi-us.com,http://www.linkedin.com/company/marco-group-international
Allura USA,http://www.allurausa.com,http://www.linkedin.com/company/allura-usa
Allworth Financial,http://www.allworthfinancial.com,http://www.linkedin.com/company/allworth
"Altair Global Services, LLC",http://www.altairglobal.com,http://www.linkedin.com/company/altairglobal
Altair Global,http://www.altairglobal.com,http://www.linkedin.com/company/altairglobal
Amadeus,http://www.amadeus.com,http://www.linkedin.com/company/amadeus
City of Amarillo,http://www.amarillo.gov,http://www.linkedin.com/company/city-of-amarillo
Amazon,http://www.amazon.com,http://www.linkedin.com/company/amazon
Ambiq,http://www.ambiq.com,http://www.linkedin.com/company/ambiqmicro
"Advanced Micro Devices, Inc.",http://www.amd.com,http://www.linkedin.com/company/amd
American Unit,http://www.americanunit.com,http://www.linkedin.com/company/american-unit-inc
Amot Controls Corporation,http://www.amot.com,http://www.linkedin.com/company/amot
Amplifon,http://www.amplifon.com,http://www.linkedin.com/company/amplifon
Angi,http://www.angi.com,http://www.linkedin.com/company/angi
Antuit,http://www.antuit.ai,http://www.linkedin.com/company/antuitai
Aperia Solutions,http://www.aperia.com,http://www.linkedin.com/company/aperia-solutions-inc.
Apex Capital Corp,http://www.apexcapitalcorp.com,http://www.linkedin.com/company/apex-capital-corp
Apple,http://www.apple.com,http://www.linkedin.com/company/apple
Applied Materials,http://www.appliedmaterials.com,http://www.linkedin.com/company/applied-materials
Ardent Health Services,http://www.ardenthealth.com,http://www.linkedin.com/company/ardent-health-services
Argo Group,http://www.argolimited.com,http://www.linkedin.com/company/argo-group-international-holdings-ltd
ARGO,http://www.argoxtv.com,http://www.linkedin.com/company/argo-xtv
Associa,http://www.associaonline.com,http://www.linkedin.com/company/associa
ATI (atiserve.com),http://www.atiserve.com,http://www.linkedin.com/company/atisocial
Atlantic Aviation,http://www.atlanticaviation.com,http://www.linkedin.com/company/atlantic-aviation
Atlassian,http://www.atlassian.com,http://www.linkedin.com/company/atlassian
Atos,http://www.atos.net,http://www.linkedin.com/company/atos
Austin Capital Bank,http://www.austincapitalbank.com,http://www.linkedin.com/company/austin-capital-bank
Axiom Medical,http://www.axiomllc.com,http://www.linkedin.com/company/axiom-medical-consulting-llc
BAE Systems,http://www.baesystems.com,http://www.linkedin.com/company/bae-systems
Ball Corporation,http://www.ball.com,http://www.linkedin.com/company/ball
Bankers Healthcare Group,http://www.bankershealthcaregroup.com,
Bank of America,http://www.bankofamerica.com,http://www.linkedin.com/company/bank-of-america
Banner Health,http://www.bannerhealth.com,http://www.linkedin.com/company/banner-health
Baylor College of Medicine,http://www.bcm.edu,http://www.linkedin.com/company/162655
BD,http://www.bd.com,http://www.linkedin.com/company/bd1
Bell Textron Inc.,http://www.bellflight.com,http://www.linkedin.com/company/bell-flight
Bill.com,http://www.bill.com,http://www.linkedin.com/company/bill-com
Bioworld Merchandising,http://www.bioworldmerch.com,http://www.linkedin.com/company/bioworld-merchandising
Black Knight,http://www.blackknightinc.com,http://www.linkedin.com/company/blackknight
BMO Harris Bank,http://www.bmoharris.com,http://www.linkedin.com/company/bmo-harris-bank
"Brandt Information Services, LLC",http://www.brandtinfo.com,http://www.linkedin.com/company/brandt-information-services
Breakwater Solutions,http://www.breakwatersolutions.net,
Bright Health,http://www.brighthealthcare.com,http://www.linkedin.com/company/brightlight-health
Broadway Bank,http://www.broadway.bank,http://www.linkedin.com/company/broadway-bank
"Buckeye Partners, L.P.",http://www.buckeye.com,http://www.linkedin.com/company/buckeye-partners
Buckland,http://www.buckland.ma.us,http://www.linkedin.com/company/town-of-buckland
BullsEye Telecom,http://www.bullseyetelecom.com,http://www.linkedin.com/company/bullseye-telecom
BuzzClan LLC,http://www.buzzclan.com,http://www.linkedin.com/company/buzzclan-llc
Cactus Wellhead LLC,http://www.cactuswhd.com,http://www.linkedin.com/company/cactus-wellhead-llc
CAE Inc.,http://www.cae.com,http://www.linkedin.com/company/4256
CALTEX,http://www.caltex.com.au,http://www.linkedin.com/company/caltex-australia
Camelot Strategic Marketing & Media,http://www.camelotsmm.com,http://www.linkedin.com/company/camelotsmm
CAPCO,http://www.capco.com,http://www.linkedin.com/company/capco
Capital Metro,http://www.capmetro.org,http://www.linkedin.com/company/capital-metro
Jones|Carter,http://www.carters.com,http://www.linkedin.com/company/carter's-oshkosh-bgosh
Catapult Systems,http://www.catapultsystems.com,http://www.linkedin.com/company/catapult-systems
CBRE,http://www.cbre.com,http://www.linkedin.com/company/cbre
CDW,http://www.cdw.com,http://www.linkedin.com/company/cdw
Centene Corporation,http://www.centene.com,http://www.linkedin.com/company/centene-corporation
CGI,http://www.cgi.com,http://www.linkedin.com/company/cgi
Change Healthcare,http://www.changehealthcare.com,http://www.linkedin.com/company/change-healthcare
"JPMorgan Chase Bank, N.A.",http://www.chase.com,http://www.linkedin.com/company/chase
Citi,http://www.citigroup.com,
Clarkston Consulting,http://www.clarkstonconsulting.com,http://www.linkedin.com/company/clarkston-consulting
Clear Capital,http://www.clearcapital.com,http://www.linkedin.com/company/clearcapital
ClientSolv Technologies,http://www.clientsolv.com,http://www.linkedin.com/company/clientsolv
Cloudflare,http://www.cloudflare.com,http://www.linkedin.com/company/cloudflare
Cloudsquare,http://www.cloudsquare.io,http://www.linkedin.com/company/cloudsquareinc
Chalk Mountain Services,http://www.cmstx.com,http://www.linkedin.com/company/chalk-mountain-services-of-texas
Coca-Cola Southwest Beverages,http://www.cocacolaswb.com,http://www.linkedin.com/company/cocacolaswb
Cognizant Technology Solutions,http://www.cognizant.com,http://www.linkedin.com/company/cognizant
Conifer Health Solutions,http://www.coniferhealth.com,http://www.linkedin.com/company/conifer-health-solutions
ConocoPhillips,http://www.conocophillips.com,http://www.linkedin.com/company/conocophillips
Constellation,http://www.constellationenergy.com,http://www.linkedin.com/company/constellation-energy
Copper River Shared Services,http://www.copperriverit.com,http://www.linkedin.com/company/copper-river-it
"Cortex Management, LLC",http://www.cortex-capital.com,
City of San Angelo Texas,http://www.cosatx.us,http://www.linkedin.com/company/city-of-san-angel
"Cotton Holdings, Inc",http://www.cottonholdings.com,http://www.linkedin.com/company/cotton-holdings-inc
CPS Energy,http://www.cpsenergy.com,http://www.linkedin.com/company/cps-energy
The Crane Companies,http://www.craneae.com,http://www.linkedin.com/company/craneae
Crane Co.,http://www.craneco.com,http://www.linkedin.com/company/crane-co-
Crane Worldwide,http://www.craneww.com,http://www.linkedin.com/company/crane-worldwide-logistics_2
Crawford Electric,http://www.crawfordelec.com,http://www.linkedin.com/company/crawford-electric-cooperative-inc.
"CROSSMARK, Inc.",http://www.crossmark.com,http://www.linkedin.com/company/crossmark
Crothall Healthcare,http://www.crothall.com,http://www.linkedin.com/company/crothall-healthcare
Constellation Software,http://www.csisoftware.com,http://www.linkedin.com/company/constellation-software-inc.
CTEC Corp.,http://www.ctec-corp.com,http://www.linkedin.com/company/ctec
CVS Health,http://www.cvshealth.com,http://www.linkedin.com/company/cvs-health
Daimler Truck AG,http://www.daimler-truck.com,http://www.linkedin.com/company/daimlertruckag
Daisy Brand,http://www.daisybrand.com,http://www.linkedin.com/company/daisy-brand
Dallas Endoscopy,http://www.dallasendoscopycenter.com,http://www.linkedin.com/company/dallas-endoscopy-center-ltd
Dal-Tile Corporation,http://www.daltile.com,http://www.linkedin.com/company/dal-tile
Data Gumbo Corporation,http://www.datagumbo.com,http://www.linkedin.com/company/data-gumbo
DataPattern,http://www.datapatternsindia.com,http://www.linkedin.com/company/data-patterns-india-ltd
defi SOLUTIONS,http://www.defisolutions.com,http://www.linkedin.com/company/defi-solutions-inc
Deloitte,http://www.deloitte.com,http://www.linkedin.com/company/deloitte
Digital Realty,http://www.digitalrealty.com,http://www.linkedin.com/company/digitalrealty
Divish LLC,http://www.divishllc.com,
Doggett Industries,http://www.doggett.com,http://www.linkedin.com/company/doggett-john-deere
DSI Systems,http://www.dsisystemsinc.com,http://www.linkedin.com/company/dsi-systems-inc-
DSV,http://www.dsv.com,http://www.linkedin.com/company/dsv
Dutech Systems,http://www.dutechsystems.com,http://www.linkedin.com/company/dutechsystems
Dutech System,http://www.dutechsystems.com,http://www.linkedin.com/company/dutechsystems
ABS,http://www.eagle.org,http://www.linkedin.com/company/american-bureau-of-shipping
Eagle Creek Software Services,http://www.eaglecrk.com,http://www.linkedin.com/company/eagle-creek-software-services
"EDF Trading North America, LLC",http://www.edftrading.com,http://www.linkedin.com/company/edf-trading
Einride,http://www.einride.tech,http://www.linkedin.com/company/einride
Ellucian,http://www.ellucian.com,http://www.linkedin.com/company/ellucian
Energy Transfer Partners,http://www.energytransfer.com,http://www.linkedin.com/company/energy-transfer
Energy Transfer Family of Partnerships,http://www.energytransfer.com,http://www.linkedin.com/company/energy-transfer
ENGIE North America Inc.,http://www.engie-na.com,http://www.linkedin.com/company/engie-north-america-inc
Epsilon,http://www.epsilon.com,http://www.linkedin.com/company/epsilon
Equipment Depot LTD,http://www.eqdepot.com,http://www.linkedin.com/company/capital-equipment
Equifax,http://www.equifax.com,http://www.linkedin.com/company/equifax
Ericsson,http://www.ericsson.com,http://www.linkedin.com/company/ericsson
Education Service Center Region XIII,http://www.esc13.net,http://www.linkedin.com/company/education-service-center-region-13
"Esolvit Inc.,",http://www.esolvit.com,http://www.linkedin.com/company/esolvit
Everde Growers,http://www.everde.com,http://www.linkedin.com/company/everdegrowers
Everi Games Inc,http://www.everi.com,http://www.linkedin.com/company/everi
EY,http://www.ey.com,http://www.linkedin.com/company/ernstandyoung
EZRecruit,http://www.ezrecruitsolutions.com,
findhelp,http://www.findhelp.com,http://www.linkedin.com/company/find-help
First American Financial Corporation,http://www.firstam.com,http://www.linkedin.com/company/first-american-title
FirstClose,http://www.firstclose.com,http://www.linkedin.com/company/firstclose
First Community Credit Union,http://www.firstcommunity.com,http://www.linkedin.com/company/first-community-credit-union
FirstLight Federal Credit Union,http://www.firstlightfcu.org,http://www.linkedin.com/company/firstlight-federal-credit-union
Fisher Investments,http://www.fisherinvestments.com,http://www.linkedin.com/company/fisher-investments
Flex,http://www.flex.com,http://www.linkedin.com/company/flexintl
Flowserve Corporation,http://www.flowserve.com,http://www.linkedin.com/company/flowserve
Frontier,http://www.flyfrontier.com,http://www.linkedin.com/company/frontier-airlines
Foodbuy,http://www.foodbuy.com,http://www.linkedin.com/company/foodbuyus
Formac,http://www.formacinc.com,
Fort Bend County,http://www.fortbendcountytx.gov,http://www.linkedin.com/company/fort-bend-county
Four Hands,http://www.fourhands.com,http://www.linkedin.com/company/four-hands
Freedom Mortgage,http://www.freedommortgage.com,http://www.linkedin.com/company/freedom-mortgage
FreshBooks,http://www.freshbooks.com,http://www.linkedin.com/company/freshbooks
Gainwell Technologies,http://www.gainwelltechnologies.com,http://www.linkedin.com/company/gainwell-technologies
Gainwell Technologies LLC,http://www.gainwelltechnologies.com,http://www.linkedin.com/company/gainwell-technologies
City of Galveston,http://www.galvestontx.gov,http://www.linkedin.com/company/city-of-galveston
Gartner,http://www.gartner.com,http://www.linkedin.com/company/gartner
GoExpedi,http://www.goexpedi.com,http://www.linkedin.com/company/goexpedi
GOIN,http://www.goin.org,http://www.linkedin.com/company/goin-rides
Google,http://www.google.com,http://www.linkedin.com/company/google
Granify,http://www.granify.com,http://www.linkedin.com/company/granify
Graphic Packaging International,http://www.graphicpkg.com,http://www.linkedin.com/company/graphic-packaging-international
RWE,http://www.group.rwe,http://www.linkedin.com/company/rwe-aqua-gmbh
GTA Telecom,http://www.gtatelecom.com,http://www.linkedin.com/company/globaltechnologyassociates
GuidePoint Security,http://www.guidepointsecurity.com,http://www.linkedin.com/company/guidepointsec
Harris Health System,http://www.harrishealth.org,http://www.linkedin.com/company/harris-health-system
Haven for Hope of Bexar County,http://www.havenforhope.org,http://www.linkedin.com/company/haven-for-hope
HCSS,http://www.hcss.com,http://www.linkedin.com/company/hcss
HealthSmart,http://www.healthsmart.com,http://www.linkedin.com/company/healthsmart
American Heart Association,http://www.heart.org,http://www.linkedin.com/company/american-heart-association
Alion Science and Technology,http://www.hii.com,http://www.linkedin.com/company/huntingtoningalls
"Hillwood Development Company, LLC.",http://www.hillwood.com,http://www.linkedin.com/company/hillwood
Hines,http://www.hines.com,http://www.linkedin.com/company/hines
Hinshaw & Culbertson,http://www.hinshawlaw.com,http://www.linkedin.com/company/hinshaw-&-culbertson-llp
Houlihan Lokey,http://www.hl.com,http://www.linkedin.com/company/houlihan-lokey
HOLT CAT,http://www.holtcat.com,http://www.linkedin.com/company/holt-cat
KPMG US,http://www.home.kpmg,http://www.linkedin.com/company/kpmg
Hope Media Group,http://www.hopemediagroup.com,http://www.linkedin.com/company/hope-media-group
Houston Dynamo FC,http://www.houstondynamofc.com,http://www.linkedin.com/company/houston-dynamo-fc-houston-dash
Houston Methodist,http://www.houstonmethodist.org,http://www.linkedin.com/company/houston-methodist
Hewlett Packard Enterprise,http://www.hpe.com,http://www.linkedin.com/company/hewlett-packard-enterprise
"HTC Global Services, Inc.",http://www.htcinc.com,http://www.linkedin.com/company/htc-global-services
Hyphen Solutions,http://www.hyphensolutions.com,http://www.linkedin.com/company/hyphen-solutions
Integrative Emergency Services,http://www.ies.healthcare,http://www.linkedin.com/company/integrative-emergency-services
IGT,http://www.igt.com,http://www.linkedin.com/company/igt
Independent Financial,http://www.independent-bank.com,http://www.linkedin.com/company/indfinancial
Industrial Info Resources,http://www.industrialinfo.com,http://www.linkedin.com/company/industrial-info-resources
IndustrialInfo Resources,http://www.industrialinfo.com,http://www.linkedin.com/company/industrial-info-resources
Infinites HR Services,http://www.infiniteshrapp.com,http://www.linkedin.com/company/infinites-hr-services
Infosys,http://www.infosys.com,http://www.linkedin.com/company/infosys
IntegrateUs Services,http://www.integrateus.com,http://www.linkedin.com/company/integrateus-llc
Intuit,http://www.intuit.com,http://www.linkedin.com/company/intuit
Triumph Business Capital,http://www.invoicefactoring.com,http://www.linkedin.com/company/triumph-business-capital
IPKeys Technologies,http://www.ipkeys.com,http://www.linkedin.com/company/ipkeys-technologies
Jason Industrial,http://www.jasonindustrial.com,http://www.linkedin.com/company/jasonindustrial
"J.C. Penney Corporation, Inc.",http://www.jcpenney.com,http://www.linkedin.com/company/jcpenney
JLL,http://www.jll.com,http://www.linkedin.com/company/jll
BTI Solutions,http://www.jobkoreausa.com,http://www.linkedin.com/company/jobkoreausa-com-jobasiausa-com
Karat by Lollicup,http://www.karatpackaging.com,http://www.linkedin.com/company/lollicup-usa-inc-
KBR,http://www.kbr.com,http://www.linkedin.com/company/kbr-inc
KBX,http://www.kbx.com,http://www.linkedin.com/company/kbx-global
Kestra Financial,http://www.kestrafinancial.com,http://www.linkedin.com/company/kestra-financial
Key Energy Services,http://www.keyenergy.com,http://www.linkedin.com/company/key-energy-services
"KPS Global, LLC",http://www.kpsglobal.com,http://www.linkedin.com/company/kps-global-llc
KSBJ,http://www.ksbj.org,http://www.linkedin.com/company/ksbj-radio
L3Harris Technologies,http://www.l3harris.com,
Labatt Food Service,http://www.labattfood.com,http://www.linkedin.com/company/labattfood
LMG Technology Services LLC,http://www.lmgtechnology.com,http://www.linkedin.com/company/lmg-technology-services-llc
LOCKHEED MARTIN CORPORATION,http://www.lockheedmartinjobs.com,http://www.linkedin.com/company/lockheed-martin-referrals
Logisnext Houston,http://www.logisnext.com,http://www.linkedin.com/company/mletyopaikat
L'Oreal,http://www.loreal.com,http://www.linkedin.com/company/lor%c3%a9al
Luminex,http://www.luminexcorp.com,http://www.linkedin.com/company/luminex-corporation
Methodist Health System,http://www.macquarie.com,http://www.linkedin.com/company/macquariegroup
"Madiba, Inc.",http://www.madiba.com,http://www.linkedin.com/company/madiba-inc.
Marathon Petroleum Company LP,http://www.marathonpetroleum.com,http://www.linkedin.com/company/marathon-petroleum-company
Mastech Digital,http://www.mastechdigital.com,http://www.linkedin.com/company/mastech
McKesson,http://www.mckesson.com,http://www.linkedin.com/company/mckesson
MD Anderson Cancer Center,http://www.mdanderson.org,http://www.linkedin.com/company/mdandersoncancercenter
"Mears Group, Inc.",http://www.mears.net,http://www.linkedin.com/company/mears-group-inc-
"Medpace, Inc.",http://www.medpace.com,http://www.linkedin.com/company/medpace
Merkle,http://www.merkleinc.com,http://www.linkedin.com/company/merkle
Miro,http://www.miro.com,http://www.linkedin.com/company/mirohq
MoneyGram,http://www.moneygram.com,http://www.linkedin.com/company/moneygram-international
MORSCO INC,http://www.morsco.com,http://www.linkedin.com/company/reeceusa
Centennial Bank,http://www.my100bank.com,http://www.linkedin.com/company/my100bank
MyFitnessPal,http://www.myfitnesspal.com,http://www.linkedin.com/company/myfitnesspal
Dept of Family & Protectve Svc,http://www.myflfamilies.com,http://www.linkedin.com/company/florida-department-of-children-and-families
Resource Center Of Dallas Inc,http://www.myresourcecenter.org,http://www.linkedin.com/company/resource-center
Nasscomm,http://www.nasscomm.com,http://www.linkedin.com/company/nasscomm
Natera,http://www.natera.com,http://www.linkedin.com/company/natera
NET2ASPIRE,http://www.net2aspire.com,http://www.linkedin.com/company/net-2aspire
NextEra Energy,http://www.nexteraenergy.com,http://www.linkedin.com/company/nextera-energy-inc
nFolks Ltd,http://www.nfolks.com,http://www.linkedin.com/company/nfolks
Nobilitas Group LLC,http://www.nobilitasvisio.com,
National Oilwell Varco,http://www.nov.com,http://www.linkedin.com/company/novglobal
NRG,http://www.nrg.com,http://www.linkedin.com/company/nrgenergy
NTT DATA Services,http://www.nttdata.com,http://www.linkedin.com/company/ntt-data-americas
Nuanza,http://www.nuanza.com,http://www.linkedin.com/company/nuanza-inc.
Nucor Business Technology,http://www.nucor.com,http://www.linkedin.com/company/nucor-corporation
"Numbers Only, Inc",http://www.numbersonly.com,http://www.linkedin.com/company/numbersonlytx
Omni Hotels & Resorts,http://www.omnihotels.com,http://www.linkedin.com/company/omni-hotels
OmniSYS,http://www.omnisys.com,http://www.linkedin.com/company/omnisys-llc
Onset Technologies LLC,http://www.onsetech.com,http://www.linkedin.com/company/onsetech
Onyx CenterSource,http://www.onyxcentersource.com,http://www.linkedin.com/company/onyx-payments
Open Mortgage LLC,http://www.openmortgage.com,http://www.linkedin.com/company/openmortgage
Optum,http://www.optum.com,http://www.linkedin.com/company/alere-wellbeing
Oracle,http://www.oracle.com,http://www.linkedin.com/company/oracle
OrangeGrid,http://www.orangegrid.com,http://www.linkedin.com/company/orangegrid-inc-
OrchestrateHR,http://www.orchestratehr.com,http://www.linkedin.com/company/orchestrate-hr
OST,http://www.ostusa.com,http://www.linkedin.com/company/open-systems-technologies-inc-
Overhead Door Corporation,http://www.overheaddoor.com,http://www.linkedin.com/company/overhead-door-brand
Parker Drilling Company,http://www.parkerwellbore.com,http://www.linkedin.com/company/parker-wellbore
Parker Wellbore,http://www.parkerwellbore.com,http://www.linkedin.com/company/parker-wellbore
PayPal,http://www.paypal.com,http://www.linkedin.com/company/paypal
Pearson,http://www.pearson.com,http://www.linkedin.com/company/pearson
PenFed Credit Union,http://www.penfed.org,http://www.linkedin.com/company/penfed
Photon,http://www.photonengine.com,http://www.linkedin.com/company/exit-games
Pinnacle Technical Resources,http://www.pinnacle1.com,http://www.linkedin.com/company/pinnacle-technical-resources
Pixentia,http://www.pixentia.com,http://www.linkedin.com/company/pixentia
Calpion/Plutus Health,http://www.plutushealthinc.com,http://www.linkedin.com/company/plutushealthinc
"PMCS Services, Inc",http://www.pmcsservices.com,http://www.linkedin.com/company/pmcsservices
Pomeroy,http://www.pomeroy.com,http://www.linkedin.com/company/pomeroy
Port Houston,http://www.porthouston.com,http://www.linkedin.com/company/port-houston
Precision Castparts Corp.,http://www.precast.com,http://www.linkedin.com/company/precision-castparts
PRECISIONxtract,http://www.precisionxtract.com,http://www.linkedin.com/company/precisionxtract
Premise Health,http://www.premisehealth.com,http://www.linkedin.com/company/premise-health
Priceline.com,http://www.priceline.com,http://www.linkedin.com/company/priceline-com
PRIMUS,http://www.primusville.com,http://www.linkedin.com/company/primusai
PRO IT,http://www.pro-it-solutions.com,http://www.linkedin.com/company/pro-it-pty-limited
Procore Technologies,http://www.procore.com,http://www.linkedin.com/company/procore-technologies
projekt202,http://www.projekt202.com,http://www.linkedin.com/company/projekt202
prosource.it,http://www.prosource.it,http://www.linkedin.com/company/prosource-it
Prosperity Bank,http://www.prosperitybankusa.com,http://www.linkedin.com/company/prosperity-bank
Public Consulting Group,http://www.publicconsultinggroup.com,http://www.linkedin.com/company/public-consulting-group
PwC,http://www.pwc.com,http://www.linkedin.com/company/pwc
Quest Trust Company,http://www.questtrustcompany.com,http://www.linkedin.com/company/questtrust
RealPage,http://www.realpage.com,http://www.linkedin.com/company/realpage
RectorSeal,http://www.rectorseal.com,http://www.linkedin.com/company/rectorseal
ResProp Management,http://www.respropmanagement.com,http://www.linkedin.com/company/resprop-management
ReVisionz,http://www.revisionz.com,http://www.linkedin.com/company/revisionz-inc-
Reynolds and Reynolds,http://www.reyrey.com,http://www.linkedin.com/company/the-reynolds-and-reynolds-company
ICON,http://www.rideicon.com,http://www.linkedin.com/company/icon.
Republic National Distributing Company,http://www.rndc-usa.com,http://www.linkedin.com/company/republic-national-distributing-company
Rover,http://www.rover.com,http://www.linkedin.com/company/roverdotcom
GAMEUS,http://www.rpgmakerweb.com,
Rug Doctor,http://www.rugdoctor.com,http://www.linkedin.com/company/rug-doctor
RumbleOn,http://www.rumbleon.com,http://www.linkedin.com/company/rumbleon
Rush Enterprises,http://www.rushenterprises.com,http://www.linkedin.com/company/rush-enterprises-inc
RWE Renewables Americas LLC,http://www.rwe.com,http://www.linkedin.com/company/rwe-
Samsung Electronics,http://www.samsung.com,http://www.linkedin.com/company/samsung-electronics
Santander US,http://www.santanderus.com,http://www.linkedin.com/company/santander-us
San Antonio Water System,http://www.saws.org,http://www.linkedin.com/company/san-antonio-water-system
Charles Schwab,http://www.schwab.com,http://www.linkedin.com/company/charles-schwab
SIS,http://www.scienceinsport.com,
Schneider Electric,http://www.se.com,http://www.linkedin.com/company/schneider-electric
Selene Finance,http://www.seleneadvantage.com,http://www.linkedin.com/company/selene-finance-lp
SET Solutions,http://www.setsolutions.com,http://www.linkedin.com/company/setsolutionsinc
ShiftKey,http://www.shiftkey.com,http://www.linkedin.com/company/myshiftkey
Sika US,http://www.sika.com,http://www.linkedin.com/company/sika
Simplex Info Systems,http://www.simplexinfo.com,http://www.linkedin.com/company/simplex-info-systems-inc
Smartbridge,http://www.smartbridge.com,http://www.linkedin.com/company/smartbridge
Smart Business Concepts,http://www.smartconcepts.co,http://www.linkedin.com/company/smart-business-concepts-llc
Southern Methodist University,http://www.smu.edu,http://www.linkedin.com/company/southern-methodist-university
SoHo Dragon,http://www.sohodragon.nyc,http://www.linkedin.com/company/soho-dragon-solutions
"Spark Energy, L.P.",http://www.sparkenergy.com,http://www.linkedin.com/company/spark-energy
S&P Global,http://www.spglobal.com,http://www.linkedin.com/company/s&p-global-market-intelligence
Spire Inc.,http://www.spireenergy.com,http://www.linkedin.com/company/spireenergy
Sport Clips - Support Center,http://www.sportclips.com,http://www.linkedin.com/company/sport-clips-haircuts
SSC Services for Education,http://www.sscserv.com,http://www.linkedin.com/company/ssc-services-for-education
Stantec,http://www.stantec.com,http://www.linkedin.com/company/stantec
Storable,http://www.storable.com,http://www.linkedin.com/company/storableinc
Simpson Strong-Tie,http://www.strongtie.com,http://www.linkedin.com/company/simpson-strong-tie
Sunnova Energy Corp,http://www.sunnova.com,http://www.linkedin.com/company/sunnova
SouthWest Water Texas,http://www.swwc.com,http://www.linkedin.com/company/southwest-water-company
Talent Tigers,http://www.talenttigers.com,http://www.linkedin.com/company/talent-tigers
Tarrant County College,http://www.tccd.edu,http://www.linkedin.com/company/tarrant-county-college
TC Energy,http://www.tcenergy.com,http://www.linkedin.com/company/tcenergy
Techpoint LLC,http://www.techpoint.net,http://www.linkedin.com/company/techpoint-llc
TekBoox,http://www.tekboox.com,http://www.linkedin.com/company/tekboox
Teladoc Health,http://www.teladochealth.com,http://www.linkedin.com/company/teladoc-health
The Teltech Group,http://www.teltech.com,http://www.linkedin.com/company/teltechgroup
Tenaris,http://www.tenaris.com,http://www.linkedin.com/company/tenaris
Texas Water Development Board,http://www.texas.gov,http://www.linkedin.com/company/texashhsc
Texas Capital Bank,http://www.texascapitalbank.com,http://www.linkedin.com/company/texas-capital-bank
Texas Children's Hospital,http://www.texaschildrenshealthplan.org,http://www.linkedin.com/company/texas-childrens-health-plan
"Thales DIS CPL USA, Inc.",http://www.thalesdsi.com,http://www.linkedin.com/company/thales-defense-security-inc
The Cervantes Group,http://www.thecervantesgroup.com,http://www.linkedin.com/company/thecervantesgroup
Innovate Loan Servicing Corporation,http://www.theinnovatecompanies.com,http://www.linkedin.com/company/innovateautofinance
Thomson Reuters,http://www.thomsonreuters.com,http://www.linkedin.com/company/thomson-reuters
Tiger Analytics,http://www.tigeranalytics.com,http://www.linkedin.com/company/tiger-analytics
Tolko Industries,http://www.tolko.com,http://www.linkedin.com/company/tolko-industries
Toyota,http://www.toyota.com,http://www.linkedin.com/company/toyota-north-america
TrailStone Group,http://www.trailstonegroup.com,http://www.linkedin.com/company/trailstone-group
Center for Transforming Lives,http://www.transforminglives.org,http://www.linkedin.com/company/centerfortransforminglives
Travis County,http://www.traviscountytx.gov,http://www.linkedin.com/company/travis-county
TRESUME,http://www.tresemme.com,http://www.linkedin.com/company/tresemme-singapore
Trinity Industries,http://www.trin.net,http://www.linkedin.com/company/trinity-industries
TriNet,http://www.trinet.com,http://www.linkedin.com/company/trinet
Triunity Soft Solutions Inc.,http://www.trinity-software.com,
TripActions,http://www.tripactions.com,http://www.linkedin.com/company/tripactions
Triumph Bancorp,http://www.triumphbancorp.com,http://www.linkedin.com/company/triumph-bancorp-inc
Trust Consulting Services Inc.,http://www.trustconsultingservices.com,http://www.linkedin.com/company/trust-consulting-services-inc
"TTI, INC.",http://www.tti.com,http://www.linkedin.com/company/tti-inc-
Texas Tech University,http://www.ttu.edu,http://www.linkedin.com/company/texas-tech-university
Twin Disc Incorporated,http://www.twindisc.com,http://www.linkedin.com/company/twin-disc
"Twin Peaks | Twin Restaurant Holding, LLC",http://www.twinpeaksrestaurant.com,http://www.linkedin.com/company/twin-peaks-restaurants
Texas Born (TXB),http://www.txbstores.com,http://www.linkedin.com/company/txbstores
Texas Department of Transportation,http://www.txdot.gov,http://www.linkedin.com/company/texas-department-of-transportation
UFCU,http://www.ufcu.org,http://www.linkedin.com/company/ufcu
University of Houston-Clear Lake,http://www.uhcl.edu,http://www.linkedin.com/company/university-of-houston-clear-lake
umlaut North America,http://www.umlaut.com,http://www.linkedin.com/company/umlaut-company
Universal Weather and Aviation,http://www.universalweather.com,http://www.linkedin.com/company/universal-weather-and-aviation
USAA,http://www.usaa.com,http://www.linkedin.com/company/usaa
University of Texas at Dallas,http://www.utdallas.edu,http://www.linkedin.com/company/166681
University of Texas at Austin,http://www.utexas.edu,http://www.linkedin.com/company/mccombs-school-of-business
UT Health Science Center at San Antonio,http://www.uthealthsa.org,http://www.linkedin.com/company/uthscsa-artt
The University of Texas Rio Grande Valley,http://www.utrgv.edu,http://www.linkedin.com/company/the-university-of-texas-rio-grande-valley
University of Texas at San Antonio,http://www.utsa.edu,http://www.linkedin.com/company/the-university-of-texas-at-san-antonio
UT Southwestern,http://www.utsouthwestern.edu,http://www.linkedin.com/company/ut-southwestern-medical-center
"UTZ Brands, Inc",http://www.utzsnacks.com,http://www.linkedin.com/company/utzbrands
"Valor Healthcare, Inc.",http://www.valorhealthcare.com,http://www.linkedin.com/company/valor-healthcare
Vercel,http://www.vercel.com,http://www.linkedin.com/company/vercel
Versant Health,http://www.versanthealth.com,http://www.linkedin.com/company/versant-health
Virtusa,http://www.virtusa.com,http://www.linkedin.com/company/virtusa
Visa,http://www.visa.com,http://www.linkedin.com/company/visa
VMware,http://www.vmware.com,http://www.linkedin.com/company/vmware
"City of Weatherford, TX",http://www.weatherfordtx.gov,http://www.linkedin.com/company/city-of-weatherford
WELLS FARGO BANK,http://www.wellsfargo.com,http://www.linkedin.com/company/wellsfargo
Wells Fargo,http://www.wellsfargo.com,http://www.linkedin.com/company/wellsfargo
Westrock,http://www.westrock.com,http://www.linkedin.com/company/westrockcompany
Whole Foods Market,http://www.wholefoodsmarket.com,http://www.linkedin.com/company/whole-foods-market
Willis Towers Watson,http://www.willistowerswatson.com,http://www.linkedin.com/company/gras-savoye
Wipro Limited,http://www.wipro.com,http://www.linkedin.com/company/wipro
Waste Management,http://www.wm.com,http://www.linkedin.com/company/waste-management
Woodforest National Bank,http://www.woodforest.com,http://www.linkedin.com/company/woodforest-national-bank
World View,http://www.worldview.space,http://www.linkedin.com/company/world-view-enterprises
Waukesha Pearce Industries,http://www.wpi.com,http://www.linkedin.com/company/waukeshapearce
"Waukesha-Pearce Industries, LLC",http://www.wpi.com,http://www.linkedin.com/company/waukeshapearce
XIFIN,http://www.xifin.com,http://www.linkedin.com/company/xifin
Radiology Associates,http://www.xraydocs.com,http://www.linkedin.com/company/radiology-associates-llp
Zachry Group,http://www.zachrygroup.com,http://www.linkedin.com/company/zachry-group
Zebra Technologies,http://www.zebra.com,http://www.linkedin.com/company/zebra-technologies
zettalogix.Inc,http://www.zettalogix.inc,
Zscaler,http://www.zscaler.com,http://www.linkedin.com/company/zscaler
