Company,Website,Company Linkedin Url
"4S - Silversword Software and Services, LLC",http://www.4s-llc.com,http://www.linkedin.com/company/4s---silversword-software-and-services-llc
Accenture,http://www.accenture.com,http://www.linkedin.com/company/accenture
Advance Auto Parts,http://www.advanceautoparts.com,http://www.linkedin.com/company/advance-auto-parts
Aeyon,http://www.aeyons.com,http://www.linkedin.com/company/aeyons
AIS (Applied Information Sciences),http://www.ais.com,http://www.linkedin.com/company/appliedis
Akima,http://www.akima.com,http://www.linkedin.com/company/akima
Alarm.com,http://www.alarm.com,http://www.linkedin.com/company/alarm-com
"ALTA IT Services, LLC",http://www.altaits.com,http://www.linkedin.com/company/altaitservices
"Alutiiq, LLC",http://www.alutiiq.com,http://www.linkedin.com/company/alutiiq
"American Botanicals, LLC",http://www.americanbotanicals.com,http://www.linkedin.com/company/american-botanicals
AMERICAN SYSTEMS,http://www.americansystems.com,http://www.linkedin.com/company/american-systems_6609
American Woodmark,http://www.americanwoodmark.com,http://www.linkedin.com/company/american-woodmark
Ampcus Inc,http://www.ampcus.com,http://www.linkedin.com/company/ampcus-inc
"Amyx, Inc.",http://www.amyx.com,http://www.linkedin.com/company/amyx-inc-
ANALYGENCE,http://www.analygence.com,http://www.linkedin.com/company/analygence
Analysts,http://www.analysts.com,http://www.linkedin.com/company/analysts
"Anthem, Inc.",http://www.antheminc.com,http://www.linkedin.com/company/antheminc
Apex Systems,http://www.apexsystems.com,http://www.linkedin.com/company/apex-systems
APN Consulting Inc.,http://www.apnconsultinginc.com,http://www.linkedin.com/company/apn-consulting-inc.
"Apogee Solutions, Inc",http://www.apogee.us.com,http://www.linkedin.com/company/apogee-solutions-inc
Apolis,http://www.apolisglobal.com,http://www.linkedin.com/company/apolisrises
Appian Corporation,http://www.appian.com,http://www.linkedin.com/company/appian-corporation
"ARK Solutions, Inc.",http://www.arksolutionsinc.com,http://www.linkedin.com/company/arksolutionsinc
"Arlington, VA",http://www.arlingtonva.us,http://www.linkedin.com/company/arlington-county
ASSA ABLOY Group,http://www.assaabloydss.com,http://www.linkedin.com/company/assa-abloy-door-security-solutions
"Asta CRS, Inc.",http://www.astacrs.com,http://www.linkedin.com/company/asta-crs-inc.
'@Orchard LLC,http://www.atorchard.com,http://www.linkedin.com/company/orchard-talent
Audi of America,http://www.audiusa.com,http://www.linkedin.com/company/audi-of-america
ARA,http://www.ausrad.com,http://www.linkedin.com/company/araimaging
Avant,http://www.avant.com,http://www.linkedin.com/company/avant-us
Axelon Services Corporation,http://www.axelon.com,http://www.linkedin.com/company/axelon-services-corp.
Axiologic Solutions LLC,http://www.axiologicsolutions.com,http://www.linkedin.com/company/axiologic-solutions-llc
BAE Systems,http://www.baesystems.com,http://www.linkedin.com/company/bae-systems
"BAE Systems, Inc.",http://www.baesystems.com,http://www.linkedin.com/company/bae-systems
Bank of America,http://www.bankofamerica.com,http://www.linkedin.com/company/bank-of-america
Beacon Building Products,http://www.becn.com,http://www.linkedin.com/company/beacon-building-products
Bloomberg Industry Group,http://www.bloombergindustry.com,http://www.linkedin.com/company/bloomberg-industry-group
Blue Orange Digital,http://www.blueorange.digital,http://www.linkedin.com/company/blue-orange-digital
Booz Allen Hamilton,http://www.boozallen.com,http://www.linkedin.com/company/booz-allen-hamilton
UICGS / Bowhead Family of Companies,http://www.bowheadsupport.com,http://www.linkedin.com/company/bowheadfamilyofcompanies
"Bravo Consulting Group, LLC",http://www.bravocg.com,http://www.linkedin.com/company/bravo-consulting-group-llc
BSI,http://www.bsigroup.com,http://www.linkedin.com/company/bsi
"Buchanan & Edwards, Inc.",http://www.buchanan-edwards.com,http://www.linkedin.com/company/buchanan-&-edwards
CACI International Inc,http://www.caci.com,http://www.linkedin.com/company/caci-international-inc
Capital Markets Placement,http://www.capitalmarketsp.com,http://www.linkedin.com/company/capital-markets-placement
Capital One,http://www.capitalone.com,http://www.linkedin.com/company/capital-one
CapRelo,http://www.caprelo.com,http://www.linkedin.com/company/caprelo
CareerAddict,http://www.careeraddict.com,http://www.linkedin.com/company/career-addict
CareFirst BlueCross BlueShield,http://www.carefirst.com,http://www.linkedin.com/company/carefirst-bluecross-blueshield
Caresoft Global,http://www.caresoftglobal.com,http://www.linkedin.com/company/caresoftofficial
Carilion Clinic,http://www.carilionclinic.org,http://www.linkedin.com/company/carilion-clinic
CarMax,http://www.carmax.com,http://www.linkedin.com/company/carmax
"Cambridge International Systems, Inc.",http://www.cbridgeinc.com,http://www.linkedin.com/company/cambridge-international-systems
Century Distribution Systems,http://www.cds-net.com,http://www.linkedin.com/company/century-distribution-systems
Center for Human Capital Innovation,http://www.centerforhci.org,http://www.linkedin.com/company/center-for-human-capital-innovation
"CGH Technologies, Inc.",http://www.cghtech.com,http://www.linkedin.com/company/cgh-technologies
CGI,http://www.cgi.com,http://www.linkedin.com/company/cgi
Chenega Corporation,http://www.chenega.com,http://www.linkedin.com/company/chenega-corporation
Chenega MIOS SBU,http://www.chenegamios.com,http://www.linkedin.com/company/chenega-mios
"Creative Information Technology, Inc.",http://www.citi-us.com,http://www.linkedin.com/company/creative-information-techology-inc
ClearanceJobs,http://www.clearancejobs.com,http://www.linkedin.com/company/clearancejobs.com
"Compass, Inc.",http://www.cmpsinc.com,http://www.linkedin.com/company/compass-inc-
CNA Corporation,http://www.cna.org,http://www.linkedin.com/company/cnacorporation
ICF,http://www.coachingfederation.org,http://www.linkedin.com/company/international-coaching-federation
Cognosante,http://www.cognosante.com,http://www.linkedin.com/company/cognosante
Collabera Inc.,http://www.collabera.com,http://www.linkedin.com/company/collabera
CompQsoft Inc,http://www.compqsoft.com,http://www.linkedin.com/company/compqsoft-inc
Cornerstone Defense,http://www.cornerstonedefense.com,http://www.linkedin.com/company/cornerstone-defense
CoStar Group,http://www.costargroup.com,http://www.linkedin.com/company/costar-group
"Credence Management Solutions, LLC",http://www.credence-llc.com,http://www.linkedin.com/company/credence-management-solutions-llc
Crown Audio,http://www.crownaudio.com,http://www.linkedin.com/company/crown-international
Crown Castle,http://www.crowncastle.com,http://www.linkedin.com/company/crown-castle
Chicago State University,http://www.csu.edu,http://www.linkedin.com/company/163017
"Cybermedia Technologies, Inc. (CTEC)",http://www.ctec-corp.com,http://www.linkedin.com/company/ctec
Cvent,http://www.cvent.com,http://www.linkedin.com/company/cvent
Data Concepts,http://www.dataconcepts-inc.com,http://www.linkedin.com/company/data-concepts
Dice,http://www.dice.com,http://www.linkedin.com/company/dice
Discover Financial Services,http://www.discover.com,http://www.linkedin.com/company/discover-financial-services
"Distributed Solutions, Inc.",http://www.distributedinc.com,http://www.linkedin.com/company/distributed-solutions-inc-
DISYS,http://www.disys.com,http://www.linkedin.com/company/disys
Diversified Systems.com,http://www.diversifiedsystems.com,http://www.linkedin.com/company/diversified-systems-inc--ohio-
DLT Solutions,http://www.dlt.com,http://www.linkedin.com/company/dlt-solutions
"DMI (Digital Management, LLC)",http://www.dminc.com,http://www.linkedin.com/company/dmi-digital-management-inc-
D&G Support Services,http://www.dngspt.com,http://www.linkedin.com/company/dngspt
Dominion Energy,http://www.dominionenergy.com,http://www.linkedin.com/company/dominionenergy
DXC Technology,http://www.dxc.com,http://www.linkedin.com/company/dxctechnology
Amentum,http://www.dyn-intl.com,http://www.linkedin.com/company/dyncorp-international
"Integral Consulting Services, Inc.",http://www.e2zintegral.com,http://www.linkedin.com/company/integralconsultingservicesinc
EAB,http://www.eab.com,http://www.linkedin.com/company/eab_
ECS,http://www.ecslimited.com,http://www.linkedin.com/company/ecs-limited
Electrosoft,http://www.electrosoft-inc.com,http://www.linkedin.com/company/electrosoft
Endurance IT Services,http://www.endurance-it.com,http://www.linkedin.com/company/endurance-it-services
"Enterprise Knowledge, LLC",http://www.enterprise-knowledge.com,http://www.linkedin.com/company/enterprise-knowledge-llc
eSolutionsFirst,http://www.esolutionsfirst.com,http://www.linkedin.com/company/esolutionsfirst
eTeam,http://www.eteaminc.com,http://www.linkedin.com/company/eteam
Exiger,http://www.exiger.com,http://www.linkedin.com/company/exiger
EY,http://www.ey.com,http://www.linkedin.com/company/ernstandyoung
Fairfax County Government,http://www.fairfaxcounty.gov,http://www.linkedin.com/company/fairfax-county-government
Fannie Mae,http://www.fanniemae.com,http://www.linkedin.com/company/fanniemae
Freddie Mac,http://www.freddiemac.com,http://www.linkedin.com/company/freddie-mac
Gerent,http://www.gerent.com,http://www.linkedin.com/company/gerent
"Integrated Data Services, Inc.",http://www.get-integrated.com,http://www.linkedin.com/company/integrated-data-services-inc-
GovCIO,http://www.govcio.com,http://www.linkedin.com/company/govcio
Grant Thornton LLP (US),http://www.grantthornton.com,http://www.linkedin.com/company/grant-thornton-llp
gTANGIBLE Corporation,http://www.gtangible.com,http://www.linkedin.com/company/gtangible-corporation
Haley & Aldrich,http://www.haleyaldrich.com,http://www.linkedin.com/company/haley-&-aldrich
Harnham,http://www.harnham.com,http://www.linkedin.com/company/harnham
HART Technologies Inc,http://www.harttechnologies.com,http://www.linkedin.com/company/hart-technologies-inc
Haynes Furniture Company,http://www.haynesfurniture.com,http://www.linkedin.com/company/haynes-furniture-company
HCL Technologies,http://www.hcltech.com,http://www.linkedin.com/company/hcl-technologies
"Hire IT People, Inc",http://www.hireitpeople.com,http://www.linkedin.com/company/hireitpeople
HN Consulting LLC,http://www.hn.consulting,http://www.linkedin.com/company/hnconsultingsolutions
ICF Next,http://www.icf.com,http://www.linkedin.com/company/icf-international
ICONMA,http://www.iconma.com,http://www.linkedin.com/company/iconma
IDEMIA North America,http://www.idemia.com,http://www.linkedin.com/company/idemiagroup
Transaction Network Services,http://www.illuminet.com,http://www.linkedin.com/company/illuminet-inc
IMB (International Mission Board),http://www.imb.org,http://www.linkedin.com/company/international-mission-board
Impact Makers,http://www.impactmakers.com,http://www.linkedin.com/company/impact-makers
Indivior,http://www.indivior.com,http://www.linkedin.com/company/indivior
INNOZA TECH LLC,http://www.innozatech.com,http://www.linkedin.com/company/prolim-solutions-india-private-ltd.
Inova Health System,http://www.inova.org,http://www.linkedin.com/company/inova-health-system
Intrepid,http://www.intrepidmuseum.org,http://www.linkedin.com/company/intrepid-sea-air-&-space-museum
"Integrated Resources, Inc ( IRI )",http://www.irionline.com,http://www.linkedin.com/company/integrated-resources-inc
Ironclad Technology Services,http://www.ironcladts.com,http://www.linkedin.com/company/ironclad-technology-services
ITA International,http://www.ita-intl.com,http://www.linkedin.com/company/ita-international
JCS Solutions LLC,http://www.jcssolutions.com,http://www.linkedin.com/company/jcs-solutions-llc
The Judge Group,http://www.judge.com,http://www.linkedin.com/company/the-judge-group
Kastle Systems,http://www.kastle.com,http://www.linkedin.com/company/kastle-systems
"KMM Technologies, Inc.",http://www.kmmtechnologies.com,http://www.linkedin.com/company/kmm-technologies-inc
Knowesis Inc.,http://www.knowesis1.com,
Koniag Government Services,http://www.koniag-gs.com,http://www.linkedin.com/company/koniag-government-services
Kratos Defense and Security Solutions,http://www.kratosdefense.com,http://www.linkedin.com/company/kratos-defense-and-security-solutions
"LanceSoft, Inc.",http://www.lancesoft.com,http://www.linkedin.com/company/lancesoft
Ledgent Technology,http://www.ledgent.com,http://www.linkedin.com/company/ledgent-technology
Leidos,http://www.leidos.com,http://www.linkedin.com/company/leidos
Liberty University,http://www.liberty.edu,http://www.linkedin.com/company/9654
LifeNet Health,http://www.lifenethealth.org,http://www.linkedin.com/company/lifenet
LMI,http://www.lmi.org,http://www.linkedin.com/company/lmi
LMI Government Consulting,http://www.lmi.org,http://www.linkedin.com/company/lmi
Logical Paradigm,http://www.logicalparadigm.com,http://www.linkedin.com/company/logical-paradigm
"Lynch Consultants, LLC",http://www.lynchconsultants.com,http://www.linkedin.com/company/lynch-consultants-llc
ManTech,http://www.mantech.com,http://www.linkedin.com/company/mantech
Markel,http://www.markel.com,http://www.linkedin.com/company/markel-corporation
Marsh McLennan Agency,http://www.marshmma.com,http://www.linkedin.com/company/marsh-mclennan-agency
McKesson,http://www.mckesson.com,http://www.linkedin.com/company/mckesson
"Veracity Consulting Group, LLC",http://www.meetveracity.com,http://www.linkedin.com/company/meetveracity
The MIL Corporation,http://www.milcorp.com,http://www.linkedin.com/company/mil
Morton,http://www.mortons.com,http://www.linkedin.com/company/morton's-the-steakhouse
"Acuity, Inc.",http://www.myacuity.com,http://www.linkedin.com/company/acuity-inc
DuPont Community Credit Union,http://www.mydccu.com,http://www.linkedin.com/company/dupont-community-credit-union
Mythics Inc.,http://www.mythics.com,http://www.linkedin.com/company/mythics
"Navitas Partners, LLC",http://www.navitas-partners.com,
Navy Federal Credit Union,http://www.navyfederal.org,http://www.linkedin.com/company/navy-federal-credit-union
Nestlé,http://www.nestle.com,http://www.linkedin.com/company/nestle-s-a-
NFI,http://www.nfiindustries.com,http://www.linkedin.com/company/nfi
Novetta,http://www.novetta.com,http://www.linkedin.com/company/novetta
NTT DATA Services,http://www.nttdata.com,http://www.linkedin.com/company/ntt-data-americas
"NVR, Inc.",http://www.nvrinc.com,http://www.linkedin.com/company/nvr-inc-
The New York Times,http://www.nytimes.com,http://www.linkedin.com/company/the-new-york-times
Octo,http://www.octoconsulting.com,http://www.linkedin.com/company/octo-consulting-group
The Old Dominion Group,http://www.odins.com,
Owens & Minor,http://www.owens-minor.com,http://www.linkedin.com/company/owens-&-minor
Perficient,http://www.perficient.com,http://www.linkedin.com/company/perficient
Piper Companies,http://www.pipercompanies.com,http://www.linkedin.com/company/pipercompanies
National Computing Group,http://www.pittsburghrecruiters.com,
"Precision Solutions, LLC",http://www.precision-solutions.com,http://www.linkedin.com/company/precision-solutions
Precision Solutions,http://www.precision-solutions.com,http://www.linkedin.com/company/precision-solutions
PRECISIONxtract,http://www.precisionxtract.com,http://www.linkedin.com/company/precisionxtract
ProAmpac,http://www.proampac.com,http://www.linkedin.com/company/proampac
ProCleared LLC,http://www.procleared.com,http://www.linkedin.com/company/procleared
Professional Diversity Network,http://www.prodivnet.com,http://www.linkedin.com/company/prodivnet
"Practical Solutions, Inc.",http://www.ps4b.com,http://www.linkedin.com/company/practical-solutions-inc-
"Pyramid Consulting, Inc",http://www.pyramidci.com,http://www.linkedin.com/company/pyramid-consulting
"Quadrant, Inc.",http://www.quadrantinc.com,http://www.linkedin.com/company/quadrant-inc-
Qualtrics,http://www.qualtrics.com,http://www.linkedin.com/company/qualtrics
Raytheon Intelligence & Space,http://www.raytheonintelligenceandspace.com,http://www.linkedin.com/company/raytheonintelligenceandspace
RCM Technologies,http://www.rcmhealthcare.com,http://www.linkedin.com/company/rcm-health-care-services
REI Systems,http://www.reisystems.com,http://www.linkedin.com/company/rei-systems
Remedy Intelligent Staffing,http://www.remedystaffing.com,http://www.linkedin.com/company/remedy-intelligent-staffing
RGBSI,http://www.rgbsi.com,http://www.linkedin.com/company/rgbsi
Federal Reserve Bank of Richmond,http://www.richmondfed.org,http://www.linkedin.com/company/federal-reserve-bank-of-richmond
"Richmond, VA",http://www.richmondgov.com,http://www.linkedin.com/company/cary100-restaurant-lounge
Robert Half,http://www.roberthalf.com,http://www.linkedin.com/company/robert-half-international
Rose International,http://www.roseint.com,http://www.linkedin.com/company/rose-international
Raytheon Technologies,http://www.rtx.com,http://www.linkedin.com/company/retiredpage-raytheon
Ryan Homes,http://www.ryanhomes.com,http://www.linkedin.com/company/ryan-homes
DLH Corporation,http://www.s-3.com,http://www.linkedin.com/company/social-&-scientific-systems
SAIC,http://www.saic.com,http://www.linkedin.com/company/saicinc
Sandy Spring Bank,http://www.sandyspringbank.com,http://www.linkedin.com/company/sandy-spring-bank
Sayres and Associates,http://www.sayresdefense.com,http://www.linkedin.com/company/sayres-and-associates-corp
Sentara Healthcare,http://www.sentara.com,http://www.linkedin.com/company/sentara-healthcare
Serco,http://www.serco.com,http://www.linkedin.com/company/serco
"Seventh Sense Consulting, LLC",http://www.seventhsenseconsulting.com,http://www.linkedin.com/company/seventh-sense-consulting-llc
ITI,http://www.sheetmetal-iti.org,http://www.linkedin.com/company/international-training-institute_2
SimVentions,http://www.simventions.com,http://www.linkedin.com/company/simventions
"Synectics for Management Decisions, Inc",http://www.smdi.com,http://www.linkedin.com/company/synectics-for-management-decisions-inc
Snagajob,http://www.snagajob.com,http://www.linkedin.com/company/snagajob
"Softpath System, LLC",http://www.softpath.net,http://www.linkedin.com/company/softpath-system-llc
Softthink Solutions,http://www.softthink.com,http://www.linkedin.com/company/softthink-solutions-inc
SOS International LLC,http://www.sosi.com,http://www.linkedin.com/company/sos-international-llc
Spectraforce Technologies,http://www.spectraforce.com,http://www.linkedin.com/company/spectraforce
SS&C Technologies,http://www.ssctech.com,http://www.linkedin.com/company/ss-c-technologies
Staffigo,http://www.staffigo.com,http://www.linkedin.com/company/staffigo
Stefanini North America and APAC,http://www.stefanini.com,http://www.linkedin.com/company/stefanini-na-apac
UST,http://www.stthomas.edu,http://www.linkedin.com/company/166674
Sumeru Solutions,http://www.sumerusolutions.com,http://www.linkedin.com/company/sumeru-solutions
Surescripts,http://www.surescripts.com,http://www.linkedin.com/company/surescripts-llc
SWIFT,http://www.swift.com,http://www.linkedin.com/company/swift
"TalentBurst, an Inc 5000 company",http://www.talentburst.com,http://www.linkedin.com/company/talentburst
TALENT Software Services,http://www.talentstaffingservices.com,http://www.linkedin.com/company/talent-software-services
"Robbins-Gioia, LLC",http://www.teamrg.com,http://www.linkedin.com/company/teamrg
Tech Wizards,http://www.tech-wizards.com,http://www.linkedin.com/company/tech-wizards-inc.
"Technomics, Inc.",http://www.technomics.net,http://www.linkedin.com/company/technomics-inc-
TEKWISSEN ®,http://www.tekwissen.com,http://www.linkedin.com/company/tekwissen
The Xela Group,http://www.thexelagroup.com,http://www.linkedin.com/company/the-xela-group
Toll Brothers,http://www.tollbrothers.com,http://www.linkedin.com/company/toll-brothers-inc
TowneBank,http://www.townebank.com,http://www.linkedin.com/company/townebank
TQI Solutions,http://www.tqiinc.com,http://www.linkedin.com/company/tqi-solutions
Trilogy Federal,http://www.trilogyfederal.com,http://www.linkedin.com/company/trilogy-federal
triVector (Pty) Ltd,http://www.trivector.co.za,http://www.linkedin.com/company/trivector-pty-ltd
Truist,http://www.truist.com,http://www.linkedin.com/company/truistfinancialcorporation
"T-Solutions, Inc.",http://www.tsoln-inc.com,http://www.linkedin.com/company/t-solutions-inc-
Twenty Bridge Staffing,http://www.twentybridge.com,http://www.linkedin.com/company/twenty-bridge-staffing
Two Six Technologies,http://www.twosixtech.com,http://www.linkedin.com/company/twosixtechnologies
USPS OIG,http://www.uspsoig.gov,http://www.linkedin.com/company/usps-oig
UST,http://www.ust.com,http://www.linkedin.com/company/ustglobal
The University of Virginia's College at Wise,http://www.uvawise.edu,http://www.linkedin.com/company/109548
Van Metre Companies,http://www.vanmetrecompanies.com,http://www.linkedin.com/company/van-metre-companies
VCU Health,http://www.vcuhealth.org,http://www.linkedin.com/company/vcu-health-system
Vectorly,http://www.vectorly.io,http://www.linkedin.com/company/vectorly
"Vega Consulting Solutions, Inc",http://www.vegaconsulting.com,http://www.linkedin.com/company/vega-consulting
Ventech Solutions,http://www.ventechsolutions.com,http://www.linkedin.com/company/ventech-solutions
University of Virginia,http://www.virginia.edu,http://www.linkedin.com/company/university-of-virginia
VPD Government Solutions,http://www.vpdgov.com,http://www.linkedin.com/company/vpdgov
"V-Soft Consulting Group, Inc.",http://www.vsoftconsulting.com,http://www.linkedin.com/company/vsoftconsulting
Walmart,http://www.walmart.com,http://www.linkedin.com/company/walmart
"WiSC Enterprises, LLC",http://www.wiscenterprises.com,http://www.linkedin.com/company/wiscenterprises
WPS Health Solutions,http://www.wpshealth.com,http://www.linkedin.com/company/wps-health-insurance
Counter Threat Solutions,http://www.ww-cts.com,http://www.linkedin.com/company/worldwide-counter-threat-solutions
Worldwide Counter Threat Solutions,http://www.ww-cts.com,http://www.linkedin.com/company/worldwide-counter-threat-solutions
WWC Global,http://www.wwcglobal.com,http://www.linkedin.com/company/wwc-global
"Yoh, A Day & Zimmermann Company",http://www.yoh.com,http://www.linkedin.com/company/yoh-a-day-&-zimmermann-company
